{"name":"9dfc9033-d2b5-44ad-98b3-f8c21d654544","id":"/providers/Microsoft.Flow/flows/9dfc9033-d2b5-44ad-98b3-f8c21d654544","type":"Microsoft.Flow/flows","properties":{"apiId":"/providers/Microsoft.PowerApps/apis/shared_logicflows","displayName":"Process approver response","definition":{"metadata":{"workflowEntityId":null,"flowclientsuspensionreason":"None","flowclientsuspensiontime":null,"creator":{"id":"ac1a4c9a-07f7-4d31-b198-9a6da5a03841","type":"User","tenantId":"ba146a51-d053-4032-9abe-e5ea99b42255"},"provisioningMethod":"FromDefinition","failureAlertSubscription":true,"clientLastModifiedTime":"2020-11-27T17:48:09.0837003Z"},"$schema":"https://schema.management.azure.com/providers/Microsoft.Logic/schemas/2016-06-01/workflowdefinition.json#","contentVersion":"1.0.0.0","parameters":{"$connections":{"defaultValue":{},"type":"Object"},"$authentication":{"defaultValue":{},"type":"SecureObject"}},"triggers":{"manual":{"type":"Request","kind":"PowerApp","inputs":{"schema":{"type":"object","properties":{"InitializeSiteUrl_Value":{"type":"string","description":"Enter initial value","x-ms-powerflows-param-ispartial":false},"InitializeSourceListName_Value":{"type":"string","description":"Enter initial value","x-ms-powerflows-param-ispartial":false},"InitializeSourceListUrl_Value":{"type":"string","description":"Enter initial value","x-ms-powerflows-param-ispartial":false},"InitializeSourceFileId_Value":{"type":"integer","description":"Enter initial value","x-ms-powerflows-param-ispartial":false},"InitializeFileName_Value":{"type":"string","description":"Enter initial value","x-ms-powerflows-param-ispartial":false},"InitializeApprovalTasksListName_Value":{"type":"string","description":"Enter initial value","x-ms-powerflows-param-ispartial":false},"InitializeApprovalHistoryListName_Value":{"type":"string","description":"Enter initial value","x-ms-powerflows-param-ispartial":false},"InitializeTaskItemID_Value":{"type":"integer","description":"Enter initial value","x-ms-powerflows-param-ispartial":false},"InitializeAction_Value":{"type":"string","description":"Enter initial value","x-ms-powerflows-param-ispartial":false},"InitializeComment_Value":{"type":"string","description":"Enter initial value","x-ms-powerflows-param-ispartial":false},"InitializeRequestorEmail_Value":{"type":"string","description":"Enter initial value","x-ms-powerflows-param-ispartial":false},"InitializeAssignedToEmail_Value":{"type":"string","description":"Enter initial value","x-ms-powerflows-param-ispartial":false},"InitializeResponderEmail_Value":{"type":"string","description":"Enter initial value","x-ms-powerflows-param-ispartial":false},"InitializeTargetUser_Value":{"type":"string","description":"Enter initial value","x-ms-powerflows-param-ispartial":false},"InitializeApprovalGUID_Value":{"type":"string","description":"Enter initial value","x-ms-powerflows-param-ispartial":false},"InitializeApprovalsAppID_Value":{"type":"string","description":"Enter initial value","x-ms-powerflows-param-ispartial":false},"InitializeApprovalsRegistrySiteUrl_Value":{"type":"string","description":"Enter initial value","x-ms-powerflows-param-ispartial":false},"InitializeApprovalsRegistryListName_Value":{"type":"string","description":"Enter initial value","x-ms-powerflows-param-ispartial":false},"InitializeApprovalInstancesListName_Value":{"type":"string","description":"Enter initial value","x-ms-powerflows-param-ispartial":false}},"required":["InitializeSiteUrl_Value","InitializeSourceListName_Value","InitializeSourceListUrl_Value","InitializeSourceFileId_Value","InitializeFileName_Value","InitializeApprovalTasksListName_Value","InitializeApprovalHistoryListName_Value","InitializeTaskItemID_Value","InitializeAction_Value","InitializeComment_Value","InitializeRequestorEmail_Value","InitializeAssignedToEmail_Value","InitializeResponderEmail_Value","InitializeTargetUser_Value","InitializeApprovalGUID_Value","InitializeApprovalsAppID_Value","InitializeApprovalsRegistrySiteUrl_Value","InitializeApprovalsRegistryListName_Value","InitializeApprovalInstancesListName_Value"]}}}},"actions":{"Switch":{"runAfter":{"Set_current_task_status_to_Completed":["Succeeded"]},"cases":{"Approve":{"case":"Approve","actions":{"Check_if_we_found_starting_record":{"actions":{"Check_if_starting_a_new_stage":{"actions":{"Get_updated_starting_history_record":{"runAfter":{},"type":"OpenApiConnection","inputs":{"host":{"apiId":"/providers/Microsoft.PowerApps/apis/shared_sharepointonline","connectionName":"shared_sharepointonline","operationId":"GetItem"},"parameters":{"dataset":"@variables('SiteUrl')","table":"@variables('ApprovalHistoryListName')","id":"@variables('approvalHistoryStartItemId')"},"authentication":{"value":"@json(decodeBase64(triggerOutputs().headers['X-MS-APIM-Tokens']))['$ConnectionKey']","type":"Raw"}}},"Parse_updated_CurrentStateJSON":{"runAfter":{"Get_updated_starting_history_record":["Succeeded"]},"type":"ParseJson","inputs":{"content":"@outputs('Get_updated_starting_history_record')?['body/CurrentStateJSON']","schema":{"type":"object","properties":{"Stages":{"type":"array","items":{"type":"object","properties":{"index":{"type":"integer"},"Approvers":{"type":"array","items":{"type":"object","properties":{"email":{"type":"string"}},"required":["email"]}}},"required":["index","Approvers"]}}}}}},"Set_stagesArray_2":{"runAfter":{"Parse_updated_CurrentStateJSON":["Succeeded"]},"type":"SetVariable","inputs":{"name":"stagesArray","value":"@body('Parse_updated_CurrentStateJSON')?['Stages']"}},"Find_new_stage":{"foreach":"@variables('stagesArray')","actions":{"Parse_stage":{"runAfter":{},"type":"ParseJson","inputs":{"content":"@items('Find_new_stage')","schema":{"type":"object","properties":{"index":{"type":"integer"},"Approvers":{"type":"array","items":{"type":"object","properties":{"email":{"type":"string"}},"required":["email"]}}}}}},"Condition":{"actions":{"Set_newStageFound":{"runAfter":{},"type":"SetVariable","inputs":{"name":"newStageFound","value":"@true"},"description":"Found JSON representation of the next stage"},"Create_approval_task_for_each_approver":{"foreach":"@body('Parse_stage')?['Approvers']","actions":{"Create_task":{"runAfter":{},"type":"OpenApiConnection","inputs":{"host":{"apiId":"/providers/Microsoft.PowerApps/apis/shared_sharepointonline","connectionName":"shared_sharepointonline","operationId":"PostItem"},"parameters":{"dataset":"@variables('SiteUrl')","table":"@variables('ApprovalTasksListName')","item":{"Title":"Approval: @{variables('FileName')}","Description":"@{outputs('Get_current_task')?['body/Description']}","Link":"@{outputs('Get_current_task')?['body/Link']}","Requestedby":{"Claims":"@{variables('RequestorEmail')}"},"Assignedto":{"Claims":"@{items('Create_approval_task_for_each_approver')?['email']}"},"ApprovalGUID":"@{variables('ApprovalGUID')}","Stage":"@variables('newStageIndex')","ItemListName":"@{variables('SourceListName')}","ItemID":"@variables('SourceFileId')","ItemFileName":"@{variables('FileName')}","TaskType":{"Value":"Approval"},"ItemSiteUrl":"@variables('SiteUrl')","TasksListName":"@variables('ApprovalTasksListName')","HistoryListName":"@variables('ApprovalHistoryListName')","ItemListUrl":"@variables('SourceListUrl')","ApprovalRegistrySiteUrl":"@variables('ApprovalsRegistrySiteUrl')","ApprovalRegistryListName":"@variables('ApprovalsRegistryListName')","ApprovalInstancesListName":"@variables('ApprovalInstancesListName')","Status":"Active","ResponseProvidedBy":{"Claims":"@{variables('ResponderEmail')}"}}},"authentication":{"value":"@json(decodeBase64(triggerOutputs().headers['X-MS-APIM-Tokens']))['$ConnectionKey']","type":"Raw"}}},"Set_taskUrl":{"runAfter":{"Create_history_record_-_task_created":["Succeeded"]},"type":"SetVariable","inputs":{"name":"taskUrl","value":"https://apps.powerapps.com/play/@{variables('ApprovalsAppID')}?siteUrl=@{variables('SiteUrl')}&listName=@{replace(variables('ApprovalTasksListName'), ' ', '%20')}&taskId=@{outputs('Create_task')?['body/ID']}"},"description":"Compile direct URL to the task within Approvals Power App"},"Create_history_record_-_task_created":{"runAfter":{"Create_task":["Succeeded"]},"type":"OpenApiConnection","inputs":{"host":{"apiId":"/providers/Microsoft.PowerApps/apis/shared_sharepointonline","connectionName":"shared_sharepointonline_1","operationId":"PostItem"},"parameters":{"dataset":"@variables('SiteUrl')","table":"@variables('ApprovalHistoryListName')","item":{"Title":"@{variables('FileName')}","ApprovalGUID":"@variables('ApprovalGUID')","ItemURL":"@{outputs('Get_current_task')?['body/Link']}","EventDate":"@{utcNow()}","EventType":"Task created","User":{"Claims":"@{variables('ResponderEmail')}"},"Description":"Task created for @{items('Create_approval_task_for_each_approver')?['email']}: Approval."}},"authentication":{"value":"@json(decodeBase64(triggerOutputs().headers['X-MS-APIM-Tokens']))['$ConnectionKey']","type":"Raw"}}},"Update_task_-_TaskUrl_-_Approval":{"runAfter":{"Set_taskUrl":["Succeeded"]},"type":"OpenApiConnection","inputs":{"host":{"apiId":"/providers/Microsoft.PowerApps/apis/shared_sharepointonline","connectionName":"shared_sharepointonline_1","operationId":"PatchItem"},"parameters":{"dataset":"@variables('SiteUrl')","table":"@variables('ApprovalTasksListName')","id":"@outputs('Create_task')?['body/ID']","item":{"TaskUrl":"@variables('taskUrl')"}},"authentication":{"value":"@json(decodeBase64(triggerOutputs().headers['X-MS-APIM-Tokens']))['$ConnectionKey']","type":"Raw"}}}},"runAfter":{"Set_newStageFound":["Succeeded"]},"type":"Foreach"}},"runAfter":{"Parse_stage":["Succeeded"]},"expression":{"equals":["@body('Parse_stage')?['index']","@variables('newStageIndex')"]},"type":"If"}},"runAfter":{"Set_stagesArray_2":["Succeeded"]},"type":"Foreach","description":"Get JSON representation of the next stage"}},"runAfter":{"Apply_to_each":["Succeeded"]},"expression":{"not":{"equals":["@variables('newStageIndex')",-1]}},"type":"If","description":"If the task was the last remaining task in the stage, then besides completing the task, we also need to create tasks for the next stage"},"If_last_stage_processed":{"actions":{"Notify_of_approval_completion_-_approved":{"runAfter":{"Set_approvalSummary_final_version":["Succeeded"]},"type":"OpenApiConnection","inputs":{"host":{"apiId":"/providers/Microsoft.PowerApps/apis/shared_sendmail","connectionName":"shared_sendmail","operationId":"SendEmailV3"},"parameters":{"request/to":"@{variables('RequestorEmail')};","request/subject":"APPROVED: @{variables('FileName')}","request/text":"<p>The approval proces you initiated for the file @{variables('FileName')} has completed.<br>\n<br>\n<strong>Outcome:</strong> Approved<br>\n<br>\n<strong>Approval summary:</strong><br>\n<br>\n@{variables('emailApprovalSummary')}</p>"},"authentication":{"value":"@json(decodeBase64(triggerOutputs().headers['X-MS-APIM-Tokens']))['$ConnectionKey']","type":"Raw"}},"description":"Send notification to requestor that the document has been Approved"},"Update_approval_outcome_-_approved":{"runAfter":{"Notify_of_approval_completion_-_approved":["Succeeded"]},"type":"OpenApiConnection","inputs":{"host":{"apiId":"/providers/Microsoft.PowerApps/apis/shared_sharepointonline","connectionName":"shared_sharepointonline_1","operationId":"HttpRequest"},"parameters":{"dataset":"@variables('SiteUrl')","parameters/method":"POST","parameters/uri":"_vti_bin/client.svc/ProcessQuery","parameters/headers":{"Content-Type":"text/xml;charset=\"UTF-8\"","X-Requested-With":"XMLHTTPRequest","Accept":"*/*"},"parameters/body":"<Request xmlns=\"http://schemas.microsoft.com/sharepoint/clientquery/2009\" SchemaVersion=\"15.0.0.0\" LibraryVersion=\"16.0.0.0\" ApplicationName=\"Javascript Library\">\n<Actions>\n\n<Method Name=\"SetFieldValue\" Id=\"4\" ObjectPathId=\"3\">\n<Parameters>\n<Parameter Type=\"String\">ApprovalOutcome</Parameter>\n<Parameter Type=\"String\">Approved</Parameter>\n</Parameters>\n</Method>\n\n<Method Name=\"SetFieldValue\" Id=\"4\" ObjectPathId=\"3\">\n<Parameters>\n<Parameter Type=\"String\">ApprovalSummary</Parameter>\n<Parameter Type=\"String\">@{variables('approvalSummary')}</Parameter>\n</Parameters>\n</Method>\n \n\n<Method Name=\"SystemUpdate\" Id=\"5\" ObjectPathId=\"3\" />\n</Actions>\n<ObjectPaths>\n<Property Id=\"1\" ParentId=\"0\" Name=\"Web\" />\n<Method Id=\"2\" ParentId=\"1\" Name=\"GetList\">\n<Parameters>\n<Parameter Type=\"String\">@{variables('SourceListUrl')}</Parameter>\n</Parameters>\n</Method>\n\n<Method Id=\"3\" ParentId=\"2\" Name=\"GetItemById\">\n<Parameters>\n<Parameter Type=\"Number\">@{variables('SourceFileId')}</Parameter>\n</Parameters>\n</Method>\n\n<StaticProperty Id=\"0\" TypeId=\"{3747adcd-a3c3-41b9-bfab-4a64dd2f1e0a}\" Name=\"Current\" />\n</ObjectPaths>\n</Request>"},"authentication":{"value":"@json(decodeBase64(triggerOutputs().headers['X-MS-APIM-Tokens']))['$ConnectionKey']","type":"Raw"}},"description":"Updating Approval Outcome on the source document to \"Approved\". The client.svc endpoint is being used to avoid 'this document is locked for editing' error if someone has the document open during the update."},"Create_history_record_-_approval_completed":{"runAfter":{},"type":"OpenApiConnection","inputs":{"host":{"apiId":"/providers/Microsoft.PowerApps/apis/shared_sharepointonline","connectionName":"shared_sharepointonline","operationId":"PostItem"},"parameters":{"dataset":"@variables('SiteUrl')","table":"@variables('ApprovalHistoryListName')","item":{"Title":"@{variables('FileName')}","ApprovalGUID":"@variables('ApprovalGUID')","ItemURL":"@{outputs('Get_current_task')?['body/Link']}","EventDate":"@{utcNow()}","EventType":"Approval completed","Description":"All approvers have approved their tasks. The workflow has been completed with a status Approved.","Outcome":"Approved"}},"authentication":{"value":"@json(decodeBase64(triggerOutputs().headers['X-MS-APIM-Tokens']))['$ConnectionKey']","type":"Raw"}},"description":"If we made it to the end, and we are in the Approve branch, means the Outcome will be Approved."},"Get_all_history_records_for_this_approval":{"runAfter":{"Create_task_-_complete_-_approved":["Succeeded"]},"type":"OpenApiConnection","inputs":{"host":{"apiId":"/providers/Microsoft.PowerApps/apis/shared_sharepointonline","connectionName":"shared_sharepointonline_1","operationId":"GetItems"},"parameters":{"dataset":"@variables('SiteUrl')","table":"@variables('ApprovalHistoryListName')","$filter":"ApprovalGUID eq '@{variables('ApprovalGUID')}'"},"authentication":{"value":"@json(decodeBase64(triggerOutputs().headers['X-MS-APIM-Tokens']))['$ConnectionKey']","type":"Raw"}}},"Apply_to_each_approval_history_record":{"foreach":"@outputs('Get_all_history_records_for_this_approval')?['body/value']","actions":{"Append_entry_to_approvalSummary":{"runAfter":{},"type":"AppendToStringVariable","inputs":{"name":"approvalSummary","value":"Event: @{items('Apply_to_each_approval_history_record')?['EventType']}\nTime: @{items('Apply_to_each_approval_history_record')?['EventDate']}\n"}},"Check_if_User_is_not_blank":{"actions":{"Check_if_outcome_is_not_blank":{"actions":{"Append_outcome_to_approvalSummary":{"runAfter":{},"type":"AppendToStringVariable","inputs":{"name":"approvalSummary","value":"Outcome: @{items('Apply_to_each_approval_history_record')?['Outcome']}\n"},"description":"We only want outcome record to show for the last entry in the workflow"},"Append_outcome_to_emailApprovalSummary":{"runAfter":{"Append_outcome_to_approvalSummary":["Succeeded"]},"type":"AppendToStringVariable","inputs":{"name":"emailApprovalSummary","value":"Outcome: @{items('Apply_to_each_approval_history_record')?['Outcome']}</br>"}}},"runAfter":{},"expression":{"not":{"equals":["@items('Apply_to_each_approval_history_record')?['Outcome']",""]}},"type":"If","description":"We only want outcome record to appear for the last entry in the workflow"}},"runAfter":{"Append_entry_to_emailApprovalSummary":["Succeeded"]},"else":{"actions":{"Append_user_info_to_approvalSummary":{"runAfter":{},"type":"AppendToStringVariable","inputs":{"name":"approvalSummary","value":"User: @{items('Apply_to_each_approval_history_record')?['User/DisplayName']} (@{items('Apply_to_each_approval_history_record')?['User/Email']})\n"}},"Append_user_info_to_emailApprovalSummary":{"runAfter":{"Append_user_info_to_approvalSummary":["Succeeded"]},"type":"AppendToStringVariable","inputs":{"name":"emailApprovalSummary","value":"User: @{items('Apply_to_each_approval_history_record')?['User/DisplayName']} (@{items('Apply_to_each_approval_history_record')?['User/Email']})</br>"}}}},"expression":{"equals":["@items('Apply_to_each_approval_history_record')?['User']","@null"]},"type":"If","description":"There is no User entry for the final history record."},"Append_description_to_approvalSummary":{"runAfter":{"Check_if_User_is_not_blank":["Succeeded"]},"type":"AppendToStringVariable","inputs":{"name":"approvalSummary","value":"Description/Comment: @{items('Apply_to_each_approval_history_record')?['Description']}\n\n"}},"Append_entry_to_emailApprovalSummary":{"runAfter":{"Append_entry_to_approvalSummary":["Succeeded"]},"type":"AppendToStringVariable","inputs":{"name":"emailApprovalSummary","value":"Event: @{items('Apply_to_each_approval_history_record')?['EventType']}</br>\nTime: @{items('Apply_to_each_approval_history_record')?['EventDate']}</br>"}},"Append_description_to_emailApprovalSummary":{"runAfter":{"Append_description_to_approvalSummary":["Succeeded"]},"type":"AppendToStringVariable","inputs":{"name":"emailApprovalSummary","value":"Description/Comment: @{items('Apply_to_each_approval_history_record')?['Description']}</br></br>"}}},"runAfter":{"Get_all_history_records_for_this_approval":["Succeeded"]},"type":"Foreach"},"Remove_last_line_break_from_approvalSummary":{"runAfter":{"Apply_to_each_approval_history_record":["Succeeded"]},"type":"Expression","kind":"Substring","inputs":{"text":"@variables('approvalSummary')","startingPosition":0,"length":"@add(length(variables('approvalSummary')), -2)"}},"Set_approvalSummary_final_version":{"runAfter":{"Remove_last_line_break_from_approvalSummary":["Succeeded"]},"type":"SetVariable","inputs":{"name":"approvalSummary","value":"@outputs('Remove_last_line_break_from_approvalSummary')?['body']"}},"Create_task_-_complete_-_approved":{"runAfter":{"Create_history_record_-_approval_completed":["Succeeded"]},"type":"OpenApiConnection","inputs":{"host":{"apiId":"/providers/Microsoft.PowerApps/apis/shared_sharepointonline","connectionName":"shared_sharepointonline_1","operationId":"PostItem"},"parameters":{"dataset":"@variables('SiteUrl')","table":"@variables('ApprovalTasksListName')","item":{"Title":"Approval: @{variables('FileName')}","Description":"@{outputs('Get_current_task')?['body/Description']}","Link":"@{outputs('Get_current_task')?['body/Link']}","Requestedby":{"Claims":"@{variables('RequestorEmail')}"},"ApprovalGUID":"@{variables('ApprovalGUID')}","Stage":"@variables('newStageIndex')","ItemListName":"@{variables('SourceListName')}","ItemID":"@variables('SourceFileId')","ItemFileName":"@{variables('FileName')}","TaskType":{"Value":"Complete approval"},"ItemSiteUrl":"@variables('SiteUrl')","TasksListName":"@variables('ApprovalTasksListName')","HistoryListName":"@variables('ApprovalHistoryListName')","ItemListUrl":"@variables('SourceListUrl')","ApprovalRegistrySiteUrl":"@variables('ApprovalsRegistrySiteUrl')","ApprovalRegistryListName":"@variables('ApprovalsRegistryListName')","ApprovalInstancesListName":"@variables('ApprovalInstancesListName')","Status":"Active"}},"authentication":{"value":"@json(decodeBase64(triggerOutputs().headers['X-MS-APIM-Tokens']))['$ConnectionKey']","type":"Raw"}},"description":"The purpose of this task is to trigger the worker flow to \"close\" and remove the active approval record for this instance"}},"runAfter":{"Check_if_starting_a_new_stage":["Succeeded"]},"expression":{"and":[{"equals":["@variables('newStageFound')","@false"]},{"equals":["@length(variables('newStageArray'))",0]}]},"type":"If","description":"If we did not find a next stage, it means we have reached the end of the approval process"},"Apply_to_each":{"foreach":"@outputs('Get_starting_history_record_for_this_flow')?['body/value']","actions":{"Parse_CurrentStateJSON":{"runAfter":{"Set_currentStateJSON":["Succeeded"]},"type":"ParseJson","inputs":{"content":"@outputs('Refresh_starting_item_3')?['body/CurrentStateJSON']","schema":{"type":"object","properties":{"Stages":{"type":"array","items":{"type":"object","properties":{"index":{"type":"integer"},"Approvers":{"type":"array","items":{"type":"object","properties":{"email":{"type":"string"}},"required":["email"]}}},"required":["index","Approvers"]}}}}}},"Apply_to_each_stage":{"foreach":"@variables('stagesArray')","actions":{"Parse_stage_JSON":{"runAfter":{},"type":"ParseJson","inputs":{"content":"@items('Apply_to_each_stage')","schema":{"type":"object","properties":{"index":{"type":"integer"},"Approvers":{"type":"array","items":{"type":"object","properties":{"email":{"type":"string"}},"required":["email"]}}}}}},"Check_if_current_stage":{"actions":{"For_each_Approver":{"foreach":"@body('Parse_stage_JSON')?['Approvers']","actions":{"Check_if_current_approver_email":{"actions":{},"runAfter":{},"else":{"actions":{"Append_to_newStageArray":{"runAfter":{},"type":"AppendToArrayVariable","inputs":{"name":"newStageArray","value":"@items('For_each_Approver')"}}}},"expression":{"equals":["@items('For_each_Approver')?['email']","@outputs('Get_current_task')?['body/Assignedto/Email']"]},"type":"If"}},"runAfter":{},"type":"Foreach"},"Is_newStageArray_empty":{"actions":{"Set_newStageIndex":{"runAfter":{},"type":"SetVariable","inputs":{"name":"newStageIndex","value":"@int(string(add(outputs('Get_current_task')?['body/Stage'], 1)))"}}},"runAfter":{"For_each_Approver":["Succeeded"]},"else":{"actions":{"Compose":{"runAfter":{},"type":"Compose","inputs":{"index":"@body('Parse_stage_JSON')?['index']","Approvers":"@variables('newStageArray')"}},"Append_modified_stage_to_newJSONArray":{"runAfter":{"Compose":["Succeeded"]},"type":"AppendToArrayVariable","inputs":{"name":"newJSONArray","value":"@outputs('Compose')"}}}},"expression":{"equals":["@length(variables('newStageArray'))",0]},"type":"If"}},"runAfter":{"Parse_stage_JSON":["Succeeded"]},"else":{"actions":{"Append_unchanged_stage_to_newJSONArray":{"runAfter":{},"type":"AppendToArrayVariable","inputs":{"name":"newJSONArray","value":"@items('Apply_to_each_stage')"}}}},"expression":{"equals":["@body('Parse_stage_JSON')?['index']","@outputs('Get_current_task')?['body/Stage']"]},"type":"If"}},"runAfter":{"Set_stagesArray":["Succeeded"]},"type":"Foreach"},"Set_stagesArray":{"runAfter":{"Parse_CurrentStateJSON":["Succeeded"]},"type":"SetVariable","inputs":{"name":"stagesArray","value":"@body('Parse_CurrentStateJSON')?['Stages']"}},"Update_CurrentStateJSON":{"runAfter":{"Compose_updated_flow_JSON":["Succeeded"]},"type":"OpenApiConnection","inputs":{"host":{"apiId":"/providers/Microsoft.PowerApps/apis/shared_sharepointonline","connectionName":"shared_sharepointonline","operationId":"PatchItem"},"parameters":{"dataset":"@variables('SiteUrl')","table":"@variables('ApprovalHistoryListName')","id":"@items('Apply_to_each')?['ID']","item":{"Title":"@{items('Apply_to_each')?['Title']}","CurrentStateJSON":"@{outputs('Compose_updated_flow_JSON')}"}},"authentication":{"value":"@json(decodeBase64(triggerOutputs().headers['X-MS-APIM-Tokens']))['$ConnectionKey']","type":"Raw"}}},"Set_approvalHistoryStartItemId":{"runAfter":{},"type":"SetVariable","inputs":{"name":"approvalHistoryStartItemId","value":"@items('Apply_to_each')?['ID']"}},"Set_currentStateJSON":{"runAfter":{"Do_until_lockFlag_is_true":["Succeeded"]},"type":"SetVariable","inputs":{"name":"currentStateJSON","value":"@outputs('Refresh_starting_item_3')?['body/CurrentStateJSON']"}},"Compose_updated_flow_JSON":{"runAfter":{"Apply_to_each_stage":["Succeeded"]},"type":"Compose","inputs":{"Stages":"@variables('newJSONArray')"}},"Do_until_lockFlag_is_true":{"actions":{"Refresh_starting_item":{"runAfter":{},"type":"OpenApiConnection","inputs":{"host":{"apiId":"/providers/Microsoft.PowerApps/apis/shared_sharepointonline","connectionName":"shared_sharepointonline_1","operationId":"GetItem"},"parameters":{"dataset":"@variables('SiteUrl')","table":"@variables('ApprovalHistoryListName')","id":"@items('Apply_to_each')?['ID']"},"authentication":{"value":"@json(decodeBase64(triggerOutputs().headers['X-MS-APIM-Tokens']))['$ConnectionKey']","type":"Raw"}}},"Check_if_record_is_unlocked":{"actions":{"Wait_for_random_interval":{"runAfter":{},"type":"Wait","inputs":{"interval":{"count":"@rand(1,10)","unit":"Second"}},"description":"We need this step to de-synchronize potential competing processes and ensure that one of them gets a chance to \"win\"."},"Check_again":{"actions":{"Lock_starting_record":{"runAfter":{},"type":"OpenApiConnection","inputs":{"host":{"apiId":"/providers/Microsoft.PowerApps/apis/shared_sharepointonline","connectionName":"shared_sharepointonline_1","operationId":"PatchItem"},"parameters":{"dataset":"@variables('SiteUrl')","table":"@variables('ApprovalHistoryListName')","id":"@items('Apply_to_each')?['ID']","item":{"LockedBy":"@variables('ResponderEmail')"}},"authentication":{"value":"@json(decodeBase64(triggerOutputs().headers['X-MS-APIM-Tokens']))['$ConnectionKey']","type":"Raw"}}},"Wait_in_case_a_competing_process_got_through_and_also_made_a_change":{"runAfter":{"Lock_starting_record":["Succeeded"]},"type":"Wait","inputs":{"interval":{"count":"@rand(2,5)","unit":"Second"}}},"Refresh_starting_item_3":{"runAfter":{"Wait_in_case_a_competing_process_got_through_and_also_made_a_change":["Succeeded"]},"type":"OpenApiConnection","inputs":{"host":{"apiId":"/providers/Microsoft.PowerApps/apis/shared_sharepointonline","connectionName":"shared_sharepointonline_1","operationId":"GetItem"},"parameters":{"dataset":"@variables('SiteUrl')","table":"@variables('ApprovalHistoryListName')","id":"@items('Apply_to_each')?['ID']"},"authentication":{"value":"@json(decodeBase64(triggerOutputs().headers['X-MS-APIM-Tokens']))['$ConnectionKey']","type":"Raw"}}},"Check_that_starting_record_is_locked_successfully":{"actions":{"Set_variable":{"runAfter":{},"type":"SetVariable","inputs":{"name":"lockFlag","value":"@true"}}},"runAfter":{"Refresh_starting_item_3":["Succeeded"]},"else":{"actions":{"Delay":{"runAfter":{},"type":"Wait","inputs":{"interval":{"count":10,"unit":"Second"}}}}},"expression":{"equals":["@outputs('Refresh_starting_item_3')?['body/LockedBy']","@variables('ResponderEmail')"]},"type":"If"}},"runAfter":{"Refresh_starting_item_2":["Succeeded"]},"else":{"actions":{"Delay_2":{"runAfter":{},"type":"Wait","inputs":{"interval":{"count":10,"unit":"Second"}}}}},"expression":{"equals":["@outputs('Refresh_starting_item_2')?['body/LockedBy']","@null"]},"type":"If"},"Refresh_starting_item_2":{"runAfter":{"Wait_for_random_interval":["Succeeded"]},"type":"OpenApiConnection","inputs":{"host":{"apiId":"/providers/Microsoft.PowerApps/apis/shared_sharepointonline","connectionName":"shared_sharepointonline_1","operationId":"GetItem"},"parameters":{"dataset":"@variables('SiteUrl')","table":"@variables('ApprovalHistoryListName')","id":"@items('Apply_to_each')?['ID']"},"authentication":{"value":"@json(decodeBase64(triggerOutputs().headers['X-MS-APIM-Tokens']))['$ConnectionKey']","type":"Raw"}}}},"runAfter":{"Refresh_starting_item":["Succeeded"]},"else":{"actions":{"Delay_3":{"runAfter":{},"type":"Wait","inputs":{"interval":{"count":10,"unit":"Second"}}}}},"expression":{"equals":["@outputs('Refresh_starting_item')?['body/LockedBy']","@null"]},"type":"If"}},"runAfter":{"Set_approvalHistoryStartItemId":["Succeeded"]},"expression":"@equals(variables('lockFlag'), true)","limit":{"count":60,"timeout":"PT1H"},"type":"Until","description":"This is where we lock the starting history record while we update currentStateJSON."},"Unlock_starting_record":{"runAfter":{"Update_CurrentStateJSON":["Succeeded"]},"type":"OpenApiConnection","inputs":{"host":{"apiId":"/providers/Microsoft.PowerApps/apis/shared_sharepointonline","connectionName":"shared_sharepointonline_1","operationId":"PatchItem"},"parameters":{"dataset":"@variables('SiteUrl')","table":"@variables('ApprovalHistoryListName')","id":"@items('Apply_to_each')?['ID']","item":{"LockedBy":""}},"authentication":{"value":"@json(decodeBase64(triggerOutputs().headers['X-MS-APIM-Tokens']))['$ConnectionKey']","type":"Raw"}},"description":"Keeping this step separate for clarity. It can be merged with the previous step for slightly better efficiency."}},"runAfter":{},"type":"Foreach","description":"This array should always have 1 element"}},"runAfter":{"Get_starting_history_record_for_this_flow":["Succeeded"]},"else":{"actions":{"Terminate":{"runAfter":{},"type":"Terminate","inputs":{"runStatus":"Failed","runError":{"code":"404","message":"Starting history record not found."}}}}},"expression":{"greater":["@length(outputs('Get_starting_history_record_for_this_flow')?['body/value'])",0]},"type":"If"},"Get_starting_history_record_for_this_flow":{"runAfter":{"Detect_if_responder_is_acting_on_behalf_of_approver":["Succeeded"]},"type":"OpenApiConnection","inputs":{"host":{"apiId":"/providers/Microsoft.PowerApps/apis/shared_sharepointonline","connectionName":"shared_sharepointonline","operationId":"GetItems"},"parameters":{"dataset":"@variables('SiteUrl')","table":"@variables('ApprovalHistoryListName')","$filter":"ApprovalGUID eq '@{variables('ApprovalGUID')}' and EventType eq 'Approval started'","$top":1},"authentication":{"value":"@json(decodeBase64(triggerOutputs().headers['X-MS-APIM-Tokens']))['$ConnectionKey']","type":"Raw"}}},"Detect_if_responder_is_acting_on_behalf_of_approver":{"actions":{"Create_approval_history_record_-_approve":{"runAfter":{},"type":"OpenApiConnection","inputs":{"host":{"apiId":"/providers/Microsoft.PowerApps/apis/shared_sharepointonline","connectionName":"shared_sharepointonline","operationId":"PostItem"},"parameters":{"dataset":"@variables('SiteUrl')","table":"@variables('ApprovalHistoryListName')","item":{"Title":"@{variables('FileName')}","ApprovalGUID":"@variables('ApprovalGUID')","ItemURL":"@{outputs('Get_current_task')?['body/Link']}","EventDate":"@{utcNow()}","EventType":"Approved","User":{"Claims":"@{variables('ResponderEmail')}"},"Description":"Document approved by @{variables('ResponderEmail')}.\n\nMessage: @{variables('Comment')}","FullJSON":"","CurrentStateJSON":""}},"authentication":{"value":"@json(decodeBase64(triggerOutputs().headers['X-MS-APIM-Tokens']))['$ConnectionKey']","type":"Raw"}}}},"runAfter":{},"else":{"actions":{"Create_delegated_approval_history_record_-_approve":{"runAfter":{},"type":"OpenApiConnection","inputs":{"host":{"apiId":"/providers/Microsoft.PowerApps/apis/shared_sharepointonline","connectionName":"shared_sharepointonline","operationId":"PostItem"},"parameters":{"dataset":"@variables('SiteUrl')","table":"@variables('ApprovalHistoryListName')","item":{"Title":"@{variables('FileName')}","ApprovalGUID":"@variables('ApprovalGUID')","ItemURL":"@{outputs('Get_current_task')?['body/Link']}","EventDate":"@{utcNow()}","EventType":"Approved","User":{"Claims":"@{variables('ResponderEmail')}"},"Description":"Document approved by @{variables('ResponderEmail')} on behalf of @{variables('AssignedToEmail')}.\n\nMessage: @{variables('Comment')}","FullJSON":"","CurrentStateJSON":""}},"authentication":{"value":"@json(decodeBase64(triggerOutputs().headers['X-MS-APIM-Tokens']))['$ConnectionKey']","type":"Raw"}}}}},"expression":{"equals":["@variables('ResponderEmail')","@variables('AssignedToEmail')"]},"type":"If","description":"This is needed to capture in approval history if an admin completes a task instead of the assigned approver"}}},"Reject":{"case":"Reject","actions":{"Create_history_record_-_completed_-_Rejected":{"runAfter":{"Detect_if_responder_is_acting_on_behalf_of_rejector":["Succeeded"]},"type":"OpenApiConnection","inputs":{"host":{"apiId":"/providers/Microsoft.PowerApps/apis/shared_sharepointonline","connectionName":"shared_sharepointonline","operationId":"PostItem"},"parameters":{"dataset":"@variables('SiteUrl')","table":"@variables('ApprovalHistoryListName')","item":{"Title":"@{variables('FileName')}","ApprovalGUID":"@variables('ApprovalGUID')","ItemURL":"@{outputs('Get_current_task')?['body/Link']}","EventDate":"@{utcNow()}","EventType":"Approval completed","Description":"Document was rejected by @{variables('ResponderEmail')}. \n\nComment: @{variables('Comment')}","Outcome":"Rejected"}},"authentication":{"value":"@json(decodeBase64(triggerOutputs().headers['X-MS-APIM-Tokens']))['$ConnectionKey']","type":"Raw"}}},"Notify_of_approval_completion_-_rejected":{"runAfter":{"Finalize_approvalSummary_-_rejected":["Succeeded"]},"type":"OpenApiConnection","inputs":{"host":{"apiId":"/providers/Microsoft.PowerApps/apis/shared_sendmail","connectionName":"shared_sendmail","operationId":"SendEmailV3"},"parameters":{"request/to":"@{variables('RequestorEmail')};","request/subject":"REJECTED: @{variables('FileName')}","request/text":"<p>The approval proces you initiated for the file @{variables('FileName')} has completed.<br>\n<br>\n<strong>Outcome:</strong> Rejected<br>\n<br>\n<strong>Rejected by: </strong><strong>@{variables('ResponderEmail')}</strong><strong></strong><br>\n<br>\n<strong>Rejection comment:<br>\n</strong><strong>@{variables('Comment')}</strong><strong></strong></p>"},"authentication":{"value":"@json(decodeBase64(triggerOutputs().headers['X-MS-APIM-Tokens']))['$ConnectionKey']","type":"Raw"}}},"Detect_if_responder_is_acting_on_behalf_of_rejector":{"actions":{"Create_history_record_-_rejected":{"runAfter":{},"type":"OpenApiConnection","inputs":{"host":{"apiId":"/providers/Microsoft.PowerApps/apis/shared_sharepointonline","connectionName":"shared_sharepointonline","operationId":"PostItem"},"parameters":{"dataset":"@variables('SiteUrl')","table":"@variables('ApprovalHistoryListName')","item":{"Title":"@{variables('FileName')}","ApprovalGUID":"@variables('ApprovalGUID')","ItemURL":"@{outputs('Get_current_task')?['body/Link']}","EventDate":"@{utcNow()}","EventType":"Rejected","User":{"Claims":"@{variables('ResponderEmail')}"},"Description":"Document rejected by @{variables('ResponderEmail')}.\n\nMessage: @{variables('Comment')}","FullJSON":"","CurrentStateJSON":""}},"authentication":{"value":"@json(decodeBase64(triggerOutputs().headers['X-MS-APIM-Tokens']))['$ConnectionKey']","type":"Raw"}}}},"runAfter":{},"else":{"actions":{"Create_history_record_-_rejected_-_delegated":{"runAfter":{},"type":"OpenApiConnection","inputs":{"host":{"apiId":"/providers/Microsoft.PowerApps/apis/shared_sharepointonline","connectionName":"shared_sharepointonline","operationId":"PostItem"},"parameters":{"dataset":"@variables('SiteUrl')","table":"@variables('ApprovalHistoryListName')","item":{"Title":"@{variables('FileName')}","ApprovalGUID":"@variables('ApprovalGUID')","ItemURL":"@{outputs('Get_current_task')?['body/Link']}","EventDate":"@{utcNow()}","EventType":"Rejected","User":{"Claims":"@{variables('ResponderEmail')}"},"Description":"Document rejected by @{variables('ResponderEmail')}on behalf of @{variables('AssignedToEmail')}.\n\nMessage: @{variables('Comment')}","FullJSON":"","CurrentStateJSON":""}},"authentication":{"value":"@json(decodeBase64(triggerOutputs().headers['X-MS-APIM-Tokens']))['$ConnectionKey']","type":"Raw"}}}}},"expression":{"equals":["@variables('ResponderEmail')","@variables('AssignedToEmail')"]},"type":"If","description":"This is needed to capture in approval history if an admin completes a task instead of the assigned approver"},"Update_approval_outcome_-_rejected":{"runAfter":{"Notify_of_approval_completion_-_rejected":["Succeeded"]},"type":"OpenApiConnection","inputs":{"host":{"apiId":"/providers/Microsoft.PowerApps/apis/shared_sharepointonline","connectionName":"shared_sharepointonline_1","operationId":"HttpRequest"},"parameters":{"dataset":"@variables('SiteUrl')","parameters/method":"POST","parameters/uri":"_vti_bin/client.svc/ProcessQuery","parameters/headers":{"Content-Type":"text/xml;charset=\"UTF-8\"","X-Requested-With":"XMLHTTPRequest","Accept":"*/*"},"parameters/body":"<Request xmlns=\"http://schemas.microsoft.com/sharepoint/clientquery/2009\" SchemaVersion=\"15.0.0.0\" LibraryVersion=\"16.0.0.0\" ApplicationName=\"Javascript Library\">\n<Actions>\n\n<Method Name=\"SetFieldValue\" Id=\"4\" ObjectPathId=\"3\">\n<Parameters>\n<Parameter Type=\"String\">ApprovalOutcome</Parameter>\n<Parameter Type=\"String\">Rejected</Parameter>\n</Parameters>\n</Method>\n\n<Method Name=\"SetFieldValue\" Id=\"4\" ObjectPathId=\"3\">\n<Parameters>\n<Parameter Type=\"String\">ApprovalSummary</Parameter>\n<Parameter Type=\"String\">@{variables('approvalSummary')}</Parameter>\n</Parameters>\n</Method>\n \n\n<Method Name=\"SystemUpdate\" Id=\"5\" ObjectPathId=\"3\" />\n</Actions>\n<ObjectPaths>\n<Property Id=\"1\" ParentId=\"0\" Name=\"Web\" />\n<Method Id=\"2\" ParentId=\"1\" Name=\"GetList\">\n<Parameters>\n<Parameter Type=\"String\">@{variables('SourceListUrl')}</Parameter>\n</Parameters>\n</Method>\n\n<Method Id=\"3\" ParentId=\"2\" Name=\"GetItemById\">\n<Parameters>\n<Parameter Type=\"Number\">@{variables('SourceFileId')}</Parameter>\n</Parameters>\n</Method>\n\n<StaticProperty Id=\"0\" TypeId=\"{3747adcd-a3c3-41b9-bfab-4a64dd2f1e0a}\" Name=\"Current\" />\n</ObjectPaths>\n</Request>"},"authentication":{"value":"@json(decodeBase64(triggerOutputs().headers['X-MS-APIM-Tokens']))['$ConnectionKey']","type":"Raw"}},"description":"Updating Approval Outcome on the source document to \"Rejected\". The client.svc endpoint is being used to avoid 'this document is locked for editing' error if someone has the document open during the update."},"Create_task_-_complete_-_rejected":{"runAfter":{"Create_history_record_-_completed_-_Rejected":["Succeeded"]},"type":"OpenApiConnection","inputs":{"host":{"apiId":"/providers/Microsoft.PowerApps/apis/shared_sharepointonline","connectionName":"shared_sharepointonline_1","operationId":"PostItem"},"parameters":{"dataset":"@variables('SiteUrl')","table":"@variables('ApprovalTasksListName')","item":{"Title":"Approval: @{variables('FileName')}","Description":"@{outputs('Get_current_task')?['body/Description']}","Link":"@{outputs('Get_current_task')?['body/Link']}","Requestedby":{"Claims":"@{variables('RequestorEmail')}"},"ApprovalGUID":"@{variables('ApprovalGUID')}","Stage":"@variables('newStageIndex')","ItemListName":"@{variables('SourceListName')}","ItemID":"@variables('SourceFileId')","ItemFileName":"@{variables('FileName')}","TaskType":{"Value":"Complete approval"},"ItemSiteUrl":"@variables('SiteUrl')","TasksListName":"@variables('ApprovalTasksListName')","HistoryListName":"@variables('ApprovalHistoryListName')","ItemListUrl":"@variables('SourceListUrl')","ApprovalRegistrySiteUrl":"@variables('ApprovalsRegistrySiteUrl')","ApprovalRegistryListName":"@variables('ApprovalsRegistryListName')","ApprovalInstancesListName":"@variables('ApprovalInstancesListName')","Status":"Active"}},"authentication":{"value":"@json(decodeBase64(triggerOutputs().headers['X-MS-APIM-Tokens']))['$ConnectionKey']","type":"Raw"}},"description":"The purpose of this task is to trigger the worker flow to \"close\" and remove the active approval record for this instance"},"Get_all_history_records_for_approval_-_rejected":{"runAfter":{"Create_task_-_complete_-_rejected":["Succeeded"]},"type":"OpenApiConnection","inputs":{"host":{"apiId":"/providers/Microsoft.PowerApps/apis/shared_sharepointonline","connectionName":"shared_sharepointonline_1","operationId":"GetItems"},"parameters":{"dataset":"@variables('SiteUrl')","table":"@variables('ApprovalHistoryListName')","$filter":"ApprovalGUID eq '@{variables('ApprovalGUID')}'"},"authentication":{"value":"@json(decodeBase64(triggerOutputs().headers['X-MS-APIM-Tokens']))['$ConnectionKey']","type":"Raw"}}},"Apply_to_each_approval_history_record_-_rejected":{"foreach":"@outputs('Get_all_history_records_for_approval_-_rejected')?['body/value']","actions":{"Append_entry_to_approval_summary_-_rejected":{"runAfter":{},"type":"AppendToStringVariable","inputs":{"name":"approvalSummary","value":"Event: @{items('Apply_to_each_approval_history_record_-_rejected')?['EventType']}\nTime: @{items('Apply_to_each_approval_history_record_-_rejected')?['EventDate']}\n"}},"Append_entry_to_emailApprovalSummary_-_rejected":{"runAfter":{"Append_entry_to_approval_summary_-_rejected":["Succeeded"]},"type":"AppendToStringVariable","inputs":{"name":"emailApprovalSummary","value":"Event: @{items('Apply_to_each_approval_history_record_-_rejected')?['EventType']}<br/>\nTime: @{items('Apply_to_each_approval_history_record_-_rejected')?['EventDate']}<br/>"}},"Check_if_User_is_not_blank_-_rejected":{"actions":{"Check_that_Outcome_is_not_blank_-_rejected":{"actions":{"Append_Outcome_to_approvalSummary_-_rejected":{"runAfter":{},"type":"AppendToStringVariable","inputs":{"name":"approvalSummary","value":"Outcome: @{items('Apply_to_each_approval_history_record_-_rejected')?['Outcome']}"}},"Append_Outcome_to_emailApprovalSummary_-_rejected":{"runAfter":{"Append_Outcome_to_approvalSummary_-_rejected":["Succeeded"]},"type":"AppendToStringVariable","inputs":{"name":"emailApprovalSummary","value":"Outcome: @{items('Apply_to_each_approval_history_record_-_rejected')?['Outcome']}<br/>"}}},"runAfter":{},"expression":{"equals":["@items('Apply_to_each_approval_history_record_-_rejected')?['Outcome']",""]},"type":"If","description":"We only want outcome record to appear for the last entry in the workflow"}},"runAfter":{"Append_entry_to_emailApprovalSummary_-_rejected":["Succeeded"]},"else":{"actions":{"Append_user_info_to_approvalSummary_-_rejected":{"runAfter":{},"type":"AppendToStringVariable","inputs":{"name":"approvalSummary","value":"User: @{items('Apply_to_each_approval_history_record_-_rejected')?['User/DisplayName']}  (@{items('Apply_to_each_approval_history_record_-_rejected')?['User/Email']})\n"}},"Append_user_info_to_emailApprovalSummary_-_rejected":{"runAfter":{"Append_user_info_to_approvalSummary_-_rejected":["Succeeded"]},"type":"AppendToStringVariable","inputs":{"name":"emailApprovalSummary","value":"User: @{items('Apply_to_each_approval_history_record_-_rejected')?['User/DisplayName']}  (@{items('Apply_to_each_approval_history_record_-_rejected')?['User/Email']})<br/>"}}}},"expression":{"equals":["@items('Apply_to_each_approval_history_record_-_rejected')?['User']","@null"]},"type":"If","description":"There is no User entry for the final history record."},"Append_Description_to_approvalSummary_-_rejected":{"runAfter":{"Check_if_User_is_not_blank_-_rejected":["Succeeded"]},"type":"AppendToStringVariable","inputs":{"name":"approvalSummary","value":"Description/Comment: @{items('Apply_to_each_approval_history_record_-_rejected')?['Description']}\n\n"}},"Append_Description_to_emailApprovalSummary_-_rejected":{"runAfter":{"Append_Description_to_approvalSummary_-_rejected":["Succeeded"]},"type":"AppendToStringVariable","inputs":{"name":"emailApprovalSummary","value":"Description/Comment: @{items('Apply_to_each_approval_history_record_-_rejected')?['Description']}<br/><br/>"}}},"runAfter":{"Get_all_history_records_for_approval_-_rejected":["Succeeded"]},"type":"Foreach"},"Remove_last_line_break_from_approvalSummary_-_rejected":{"runAfter":{"Apply_to_each_approval_history_record_-_rejected":["Succeeded"]},"type":"Expression","kind":"Substring","inputs":{"text":"@variables('approvalSummary')","startingPosition":0,"length":"@add(length(variables('approvalSummary')), -2)"}},"Finalize_approvalSummary_-_rejected":{"runAfter":{"Remove_last_line_break_from_approvalSummary_-_rejected":["Succeeded"]},"type":"SetVariable","inputs":{"name":"approvalSummary","value":"@outputs('Remove_last_line_break_from_approvalSummary_-_rejected')?['body']"}}}},"Re-assign_task":{"case":"Re-assign task","actions":{"Create_delegated_Approval_task":{"runAfter":{"Check_if_starting_record_found_-_reassign":["Succeeded"]},"type":"OpenApiConnection","inputs":{"host":{"apiId":"/providers/Microsoft.PowerApps/apis/shared_sharepointonline","connectionName":"shared_sharepointonline","operationId":"PostItem"},"parameters":{"dataset":"@variables('SiteUrl')","table":"@variables('ApprovalTasksListName')","item":{"Title":"Approval: @{variables('FileName')}","Description":"@{outputs('Get_current_task')?['body/Description']}","Link":"@{outputs('Get_current_task')?['body/Link']}","Requestedby":{"Claims":"@{variables('RequestorEmail')}"},"Assignedto":{"Claims":"@{variables('TargetUser')}"},"ApprovalGUID":"@{variables('ApprovalGUID')}","Stage":"@outputs('Get_current_task')?['body/Stage']","ItemListName":"@{variables('SourceListName')}","ItemID":"@variables('SourceFileId')","ItemFileName":"@{variables('FileName')}","TaskType":{"Value":"Approval"},"ItemSiteUrl":"@variables('SiteUrl')","TasksListName":"@variables('ApprovalTasksListName')","HistoryListName":"@variables('ApprovalHistoryListName')","ItemListUrl":"@variables('SourceListUrl')","ApprovalRegistrySiteUrl":"@variables('ApprovalsRegistrySiteUrl')","ApprovalRegistryListName":"@variables('ApprovalsRegistryListName')","ApprovalInstancesListName":"@variables('ApprovalInstancesListName')","Status":"Active","ResponseProvidedBy":{"Claims":"@{variables('ResponderEmail')}"}}},"authentication":{"value":"@json(decodeBase64(triggerOutputs().headers['X-MS-APIM-Tokens']))['$ConnectionKey']","type":"Raw"}}},"Detect_if_re-assign_is_occurring_on_behalf_of_approver":{"actions":{"Create_workflow_history_record_-_reassigned":{"runAfter":{},"type":"OpenApiConnection","inputs":{"host":{"apiId":"/providers/Microsoft.PowerApps/apis/shared_sharepointonline","connectionName":"shared_sharepointonline","operationId":"PostItem"},"parameters":{"dataset":"@variables('SiteUrl')","table":"@variables('ApprovalHistoryListName')","item":{"Title":"@{variables('FileName')}","ApprovalGUID":"@variables('ApprovalGUID')","ItemURL":"@{outputs('Get_current_task')?['body/Link']}","EventDate":"@{utcNow()}","EventType":"Approval reassigned","User":{"Claims":"@{variables('ResponderEmail')}"},"Description":"@{variables('ResponderEmail')} reassigned their approval task to @{variables('TargetUser')}"}},"authentication":{"value":"@json(decodeBase64(triggerOutputs().headers['X-MS-APIM-Tokens']))['$ConnectionKey']","type":"Raw"}}}},"runAfter":{},"else":{"actions":{"Create_workflow_history_record_-_reassigned_-_delegated":{"runAfter":{},"type":"OpenApiConnection","inputs":{"host":{"apiId":"/providers/Microsoft.PowerApps/apis/shared_sharepointonline","connectionName":"shared_sharepointonline","operationId":"PostItem"},"parameters":{"dataset":"@variables('SiteUrl')","table":"@variables('ApprovalHistoryListName')","item":{"Title":"@{variables('FileName')}","ApprovalGUID":"@variables('ApprovalGUID')","ItemURL":"@{outputs('Get_current_task')?['body/Link']}","EventDate":"@{utcNow()}","EventType":"Approval reassigned","User":{"Claims":"@{variables('ResponderEmail')}"},"Description":"@{variables('ResponderEmail')} acting on behalf of @{variables('AssignedToEmail')}has reassigned their approval task to @{variables('TargetUser')}"}},"authentication":{"value":"@json(decodeBase64(triggerOutputs().headers['X-MS-APIM-Tokens']))['$ConnectionKey']","type":"Raw"}}}}},"expression":{"equals":["@variables('ResponderEmail')","@variables('AssignedToEmail')"]},"type":"If","description":"This is needed to capture in approval history if an admin completes a task instead of the assigned approver"},"Set_delegated_taskUrl":{"runAfter":{"Create_history_record_-_task_created_-_reassign":["Succeeded"]},"type":"SetVariable","inputs":{"name":"taskUrl","value":"https://apps.powerapps.com/play/@{variables('ApprovalsAppID')}?siteUrl=@{variables('SiteUrl')}&listName=@{replace(variables('ApprovalTasksListName'), ' ', '%20')}&taskId=@{outputs('Create_delegated_Approval_task')?['body/ID']}"}},"Get_starting_history_record_for_this_flow_-_reassign":{"runAfter":{"Detect_if_re-assign_is_occurring_on_behalf_of_approver":["Succeeded"]},"type":"OpenApiConnection","inputs":{"host":{"apiId":"/providers/Microsoft.PowerApps/apis/shared_sharepointonline","connectionName":"shared_sharepointonline_1","operationId":"GetItems"},"parameters":{"dataset":"@variables('SiteUrl')","table":"@variables('ApprovalHistoryListName')","$filter":"ApprovalGUID eq '@{variables('ApprovalGUID')}' and EventType eq 'Approval started'"},"authentication":{"value":"@json(decodeBase64(triggerOutputs().headers['X-MS-APIM-Tokens']))['$ConnectionKey']","type":"Raw"}}},"Check_if_starting_record_found_-_reassign":{"actions":{"For_each_workflow_starting_record_-_reassign":{"foreach":"@outputs('Get_starting_history_record_for_this_flow_-_reassign')?['body/value']","actions":{"Set_approvalHistoryStartItemId_-_reassign":{"runAfter":{},"type":"SetVariable","inputs":{"name":"approvalHistoryStartItemId","value":"@items('For_each_workflow_starting_record_-_reassign')?['ID']"}},"Set_CurrentStateJSON_-_reassign":{"runAfter":{"Do_until_lockFlag_is_true_-_reassign":["Succeeded"]},"type":"SetVariable","inputs":{"name":"currentStateJSON","value":"@items('For_each_workflow_starting_record_-_reassign')?['CurrentStateJSON']"}},"Parse_currentStateJSON_-_reassign":{"runAfter":{"Set_CurrentStateJSON_-_reassign":["Succeeded"]},"type":"ParseJson","inputs":{"content":"@variables('currentStateJSON')","schema":{"type":"object","properties":{"Stages":{"type":"array","items":{"type":"object","properties":{"index":{"type":"integer"},"Approvers":{"type":"array","items":{"type":"object","properties":{"email":{"type":"string"}},"required":["email"]}}},"required":["index","Approvers"]}}}}}},"Set_stagesArray_-_reassign":{"runAfter":{"Parse_currentStateJSON_-_reassign":["Succeeded"]},"type":"SetVariable","inputs":{"name":"stagesArray","value":"@body('Parse_currentStateJSON_-_reassign')?['Stages']"}},"Apply_to_each_stage_-_reassign":{"foreach":"@variables('stagesArray')","actions":{"Parse_stage_JSON_-_reassign":{"runAfter":{},"type":"ParseJson","inputs":{"content":"@items('Apply_to_each_stage_-_reassign')","schema":{"type":"object","properties":{"index":{"type":"integer"},"Approvers":{"type":"array","items":{"type":"object","properties":{"email":{"type":"string"}},"required":["email"]}}}}}},"Check_if_current_stage_-_reassign":{"actions":{"For_each_Approver_-_reassign":{"foreach":"@body('Parse_stage_JSON_-_reassign')?['Approvers']","actions":{"Check_if_current_approver_email_-_reassign":{"actions":{"Append_delegated_approver_to_newStageArray_-_reassign":{"runAfter":{},"type":"AppendToArrayVariable","inputs":{"name":"newStageArray","value":{"email":"@{variables('TargetUser')}"}}}},"runAfter":{},"else":{"actions":{"Append_to_newStageArray_-_reassign":{"runAfter":{},"type":"AppendToArrayVariable","inputs":{"name":"newStageArray","value":"@items('For_each_Approver_-_reassign')"}}}},"expression":{"equals":["@items('For_each_Approver_-_reassign')?['email']","@outputs('Get_current_task')?['body/Assignedto/Email']"]},"type":"If"}},"runAfter":{},"type":"Foreach"},"Is_newStageArray_empty_-_reassign":{"actions":{},"runAfter":{"For_each_Approver_-_reassign":["Succeeded"]},"else":{"actions":{"Compose_newStageArray_JSON_-_reassign":{"runAfter":{},"type":"Compose","inputs":{"index":"@body('Parse_stage_JSON_-_reassign')?['index']","Approvers":"@variables('newStageArray')"}},"Append_updated_stage_to_newJSONArray_-_reassign":{"runAfter":{"Compose_newStageArray_JSON_-_reassign":["Succeeded"]},"type":"AppendToArrayVariable","inputs":{"name":"newJSONArray","value":"@outputs('Compose_newStageArray_JSON_-_reassign')"}}}},"expression":{"equals":["@length(variables('newStageArray'))",0]},"type":"If"}},"runAfter":{"Parse_stage_JSON_-_reassign":["Succeeded"]},"else":{"actions":{"Append_unchanged_stage_to_newJSONArray_-_reassign":{"runAfter":{},"type":"AppendToArrayVariable","inputs":{"name":"newJSONArray","value":"@items('Apply_to_each_stage_-_reassign')"}}}},"expression":{"equals":["@body('Parse_stage_JSON_-_reassign')?['index']","@outputs('Get_current_task')?['body/Stage']"]},"type":"If"}},"runAfter":{"Set_stagesArray_-_reassign":["Succeeded"]},"type":"Foreach"},"Compose_updated_flow_JSON_-_reassign":{"runAfter":{"Apply_to_each_stage_-_reassign":["Succeeded"]},"type":"Compose","inputs":{"Stages":"@variables('newJSONArray')"}},"Update_CurrentStateJSON_-_reassign":{"runAfter":{"Compose_updated_flow_JSON_-_reassign":["Succeeded"]},"type":"OpenApiConnection","inputs":{"host":{"apiId":"/providers/Microsoft.PowerApps/apis/shared_sharepointonline","connectionName":"shared_sharepointonline","operationId":"PatchItem"},"parameters":{"dataset":"@variables('SiteUrl')","table":"@variables('ApprovalHistoryListName')","id":"@variables('approvalHistoryStartItemId')","item":{"Title":"@{items('For_each_workflow_starting_record_-_reassign')?['Title']}","CurrentStateJSON":"@{outputs('Compose_updated_flow_JSON_-_reassign')}"}},"authentication":{"value":"@json(decodeBase64(triggerOutputs().headers['X-MS-APIM-Tokens']))['$ConnectionKey']","type":"Raw"}}},"Do_until_lockFlag_is_true_-_reassign":{"actions":{"Refresh_starting_item_-_reassign":{"runAfter":{},"type":"OpenApiConnection","inputs":{"host":{"apiId":"/providers/Microsoft.PowerApps/apis/shared_sharepointonline","connectionName":"shared_sharepointonline_1","operationId":"GetItem"},"parameters":{"dataset":"@variables('SiteUrl')","table":"@variables('ApprovalHistoryListName')","id":"@items('For_each_workflow_starting_record_-_reassign')?['ID']"},"authentication":{"value":"@json(decodeBase64(triggerOutputs().headers['X-MS-APIM-Tokens']))['$ConnectionKey']","type":"Raw"}}},"Check_if_record_is_unlocked_-_reassign":{"actions":{"Wait_for_random_interval_-_reassign":{"runAfter":{},"type":"Wait","inputs":{"interval":{"count":"@rand(1, 10)","unit":"Second"}},"description":"We need this step to de-synchronize potential competing processes and ensure that one of them gets a chance to \"win\"."},"Check_again_-_reassign":{"actions":{"Lock_starting_record_-_reassign":{"runAfter":{},"type":"OpenApiConnection","inputs":{"host":{"apiId":"/providers/Microsoft.PowerApps/apis/shared_sharepointonline","connectionName":"shared_sharepointonline_1","operationId":"PatchItem"},"parameters":{"dataset":"@variables('SiteUrl')","table":"@variables('ApprovalHistoryListName')","id":"@items('For_each_workflow_starting_record_-_reassign')?['ID']","item":{"LockedBy":"@variables('ResponderEmail')"}},"authentication":{"value":"@json(decodeBase64(triggerOutputs().headers['X-MS-APIM-Tokens']))['$ConnectionKey']","type":"Raw"}}},"Wait_in_case_a_competing_process_got_through_and_also_made_a_change_-_reassign":{"runAfter":{"Lock_starting_record_-_reassign":["Succeeded"]},"type":"Wait","inputs":{"interval":{"count":"@rand(2, 5)","unit":"Second"}}},"Refresh_starting_item_-_reassign_3":{"runAfter":{"Wait_in_case_a_competing_process_got_through_and_also_made_a_change_-_reassign":["Succeeded"]},"type":"OpenApiConnection","inputs":{"host":{"apiId":"/providers/Microsoft.PowerApps/apis/shared_sharepointonline","connectionName":"shared_sharepointonline_1","operationId":"GetItem"},"parameters":{"dataset":"@variables('SiteUrl')","table":"@variables('ApprovalHistoryListName')","id":"@items('For_each_workflow_starting_record_-_reassign')?['ID']"},"authentication":{"value":"@json(decodeBase64(triggerOutputs().headers['X-MS-APIM-Tokens']))['$ConnectionKey']","type":"Raw"}}},"Check_that_starting_record_is_locked_successfully_-_reassign":{"actions":{"Set_variable_2":{"runAfter":{},"type":"SetVariable","inputs":{"name":"lockFlag","value":"@true"}}},"runAfter":{"Refresh_starting_item_-_reassign_3":["Succeeded"]},"else":{"actions":{"Delay_-_reassign":{"runAfter":{},"type":"Wait","inputs":{"interval":{"count":10,"unit":"Second"}}}}},"expression":{"equals":["@outputs('Refresh_starting_item_-_reassign_3')?['body/LockedBy']","@variables('ResponderEmail')"]},"type":"If"}},"runAfter":{"Refresh_starting_item_-_reassign_2":["Succeeded"]},"else":{"actions":{"Delay_2_-_reassign":{"runAfter":{},"type":"Wait","inputs":{"interval":{"count":10,"unit":"Second"}}}}},"expression":{"equals":["@outputs('Refresh_starting_item_-_reassign_2')?['body/LockedBy']","@null"]},"type":"If"},"Refresh_starting_item_-_reassign_2":{"runAfter":{"Wait_for_random_interval_-_reassign":["Succeeded"]},"type":"OpenApiConnection","inputs":{"host":{"apiId":"/providers/Microsoft.PowerApps/apis/shared_sharepointonline","connectionName":"shared_sharepointonline_1","operationId":"GetItem"},"parameters":{"dataset":"@variables('SiteUrl')","table":"@variables('ApprovalHistoryListName')","id":"@items('For_each_workflow_starting_record_-_reassign')?['ID']"},"authentication":{"value":"@json(decodeBase64(triggerOutputs().headers['X-MS-APIM-Tokens']))['$ConnectionKey']","type":"Raw"}}}},"runAfter":{"Refresh_starting_item_-_reassign":["Succeeded"]},"else":{"actions":{"Delay_3_-_reassign":{"runAfter":{},"type":"Wait","inputs":{"interval":{"count":10,"unit":"Second"}}}}},"expression":{"equals":["@outputs('Refresh_starting_item_-_reassign')?['body/LockedBy']","@null"]},"type":"If"}},"runAfter":{"Set_approvalHistoryStartItemId_-_reassign":["Succeeded"]},"expression":"@equals(variables('lockFlag'), true)","limit":{"count":60,"timeout":"PT1H"},"type":"Until","description":"This is where we lock the starting history record while we update currentStateJSON."},"Unlock_starting_record_-_reassign":{"runAfter":{"Update_CurrentStateJSON_-_reassign":["Succeeded"]},"type":"OpenApiConnection","inputs":{"host":{"apiId":"/providers/Microsoft.PowerApps/apis/shared_sharepointonline","connectionName":"shared_sharepointonline_1","operationId":"PatchItem"},"parameters":{"dataset":"@variables('SiteUrl')","table":"@variables('ApprovalHistoryListName')","id":"@items('For_each_workflow_starting_record_-_reassign')?['ID']","item":{"LockedBy":""}},"authentication":{"value":"@json(decodeBase64(triggerOutputs().headers['X-MS-APIM-Tokens']))['$ConnectionKey']","type":"Raw"}},"description":"Keeping this step separate for clarity. It can be merged with the previous step for slightly better efficiency."}},"runAfter":{},"type":"Foreach","description":"This array should always have 1 element"}},"runAfter":{"Get_starting_history_record_for_this_flow_-_reassign":["Succeeded"]},"else":{"actions":{"Terminate_2":{"runAfter":{},"type":"Terminate","inputs":{"runStatus":"Failed","runError":{"code":"404","message":"Starting history record not found."}}}}},"expression":{"greater":["@length(outputs('Get_starting_history_record_for_this_flow_-_reassign')?['body/value'])",0]},"type":"If","description":"Here we update CurrentStateJSON in workflow history to reflect the fact that approver has reassigned the task to another user."},"Create_history_record_-_task_created_-_reassign":{"runAfter":{"Create_delegated_Approval_task":["Succeeded"]},"type":"OpenApiConnection","inputs":{"host":{"apiId":"/providers/Microsoft.PowerApps/apis/shared_sharepointonline","connectionName":"shared_sharepointonline_1","operationId":"PostItem"},"parameters":{"dataset":"@variables('SiteUrl')","table":"@variables('ApprovalHistoryListName')","item":{"Title":"@{variables('FileName')}","ApprovalGUID":"@variables('ApprovalGUID')","ItemURL":"@{outputs('Get_current_task')?['body/Link']}","EventDate":"@{utcNow()}","EventType":"Task created","User":{"Claims":"@{variables('ResponderEmail')}"},"Description":"Task created for @{variables('TargetUser')}: Approval."}},"authentication":{"value":"@json(decodeBase64(triggerOutputs().headers['X-MS-APIM-Tokens']))['$ConnectionKey']","type":"Raw"}}},"Update_delegated_Approval_task_TaskUrl":{"runAfter":{"Set_delegated_taskUrl":["Succeeded"]},"type":"OpenApiConnection","inputs":{"host":{"apiId":"/providers/Microsoft.PowerApps/apis/shared_sharepointonline","connectionName":"shared_sharepointonline_1","operationId":"PatchItem"},"parameters":{"dataset":"@variables('SiteUrl')","table":"@variables('ApprovalTasksListName')","id":"@outputs('Create_delegated_Approval_task')?['body/ID']","item":{"TaskUrl":"@variables('taskUrl')"}},"authentication":{"value":"@json(decodeBase64(triggerOutputs().headers['X-MS-APIM-Tokens']))['$ConnectionKey']","type":"Raw"}}}}},"Request_changes":{"case":"Request changes","actions":{"Create_new_Update_item_task":{"runAfter":{"Detect_if_request_for_changes_is_made_on_behalf_of_approver":["Succeeded"]},"type":"OpenApiConnection","inputs":{"host":{"apiId":"/providers/Microsoft.PowerApps/apis/shared_sharepointonline","connectionName":"shared_sharepointonline","operationId":"PostItem"},"parameters":{"dataset":"@variables('SiteUrl')","table":"@variables('ApprovalTasksListName')","item":{"Title":"Changes requested: @{variables('FileName')}","Description":"@{variables('Comment')}","Link":"@{outputs('Get_current_task')?['body/Link']}","Requestedby":{"Claims":"@{variables('AssignedToEmail')}"},"Assignedto":{"Claims":"@{variables('RequestorEmail')}"},"ApprovalGUID":"@{variables('ApprovalGUID')}","Stage":"@outputs('Get_current_task')?['body/Stage']","ItemListName":"@{variables('SourceListName')}","ItemID":"@variables('SourceFileId')","ItemFileName":"@{variables('FileName')}","TaskType":{"Value":"Update item"},"ItemSiteUrl":"@variables('SiteUrl')","TasksListName":"@variables('ApprovalTasksListName')","HistoryListName":"@variables('ApprovalHistoryListName')","ItemListUrl":"@variables('SourceListUrl')","ApprovalRegistrySiteUrl":"@variables('ApprovalsRegistrySiteUrl')","ApprovalRegistryListName":"@variables('ApprovalsRegistryListName')","ApprovalInstancesListName":"@variables('ApprovalInstancesListName')","Status":"Active","ResponseProvidedBy":{"Claims":"@{variables('ResponderEmail')}"}}},"authentication":{"value":"@json(decodeBase64(triggerOutputs().headers['X-MS-APIM-Tokens']))['$ConnectionKey']","type":"Raw"}}},"Detect_if_request_for_changes_is_made_on_behalf_of_approver":{"actions":{"Create_workflow_history_record_-_requested_changes":{"runAfter":{},"type":"OpenApiConnection","inputs":{"host":{"apiId":"/providers/Microsoft.PowerApps/apis/shared_sharepointonline","connectionName":"shared_sharepointonline","operationId":"PostItem"},"parameters":{"dataset":"@variables('SiteUrl')","table":"@variables('ApprovalHistoryListName')","item":{"Title":"@{variables('FileName')}","ApprovalGUID":"@variables('ApprovalGUID')","ItemURL":"@{outputs('Get_current_task')?['body/Link']}","EventDate":"@{utcNow()}","EventType":"Changes requested","User":{"Claims":"@{variables('ResponderEmail')}"},"Description":"@{variables('ResponderEmail')} requested additional changes from workflow initiator (@{variables('RequestorEmail')}). Comment: @{variables('Comment')}"}},"authentication":{"value":"@json(decodeBase64(triggerOutputs().headers['X-MS-APIM-Tokens']))['$ConnectionKey']","type":"Raw"}}}},"runAfter":{},"else":{"actions":{"Create_workflow_history_record_-_requested_changes_-_delegated":{"runAfter":{},"type":"OpenApiConnection","inputs":{"host":{"apiId":"/providers/Microsoft.PowerApps/apis/shared_sharepointonline","connectionName":"shared_sharepointonline","operationId":"PostItem"},"parameters":{"dataset":"@variables('SiteUrl')","table":"@variables('ApprovalHistoryListName')","item":{"Title":"@{variables('FileName')}","ApprovalGUID":"@variables('ApprovalGUID')","ItemURL":"@{outputs('Get_current_task')?['body/Link']}","EventDate":"@{utcNow()}","EventType":"Changes requested","User":{"Claims":"@{variables('ResponderEmail')}"},"Description":"@{variables('ResponderEmail')} requested additional changes from workflow initiator (@{variables('RequestorEmail')}) on behalf of original approver: @{variables('AssignedToEmail')}. Comment: @{variables('Comment')}"}},"authentication":{"value":"@json(decodeBase64(triggerOutputs().headers['X-MS-APIM-Tokens']))['$ConnectionKey']","type":"Raw"}}}}},"expression":{"equals":["@variables('ResponderEmail')","@variables('AssignedToEmail')"]},"type":"If","description":"This is needed to capture in approval history if an admin completes a task instead of the assigned approver"},"Set_Update_taskUrl":{"runAfter":{"Create_history_record_-_task_created_-_request_changes":["Succeeded"]},"type":"SetVariable","inputs":{"name":"taskUrl","value":"https://apps.powerapps.com/play/@{variables('ApprovalsAppID')}?siteUrl=@{variables('SiteUrl')}&listName=@{replace(variables('ApprovalTasksListName'), ' ', '%20')}&taskId=@{outputs('Create_new_Update_item_task')?['body/ID']}"}},"Create_history_record_-_task_created_-_request_changes":{"runAfter":{"Create_new_Update_item_task":["Succeeded"]},"type":"OpenApiConnection","inputs":{"host":{"apiId":"/providers/Microsoft.PowerApps/apis/shared_sharepointonline","connectionName":"shared_sharepointonline_1","operationId":"PostItem"},"parameters":{"dataset":"@variables('SiteUrl')","table":"@variables('ApprovalHistoryListName')","item":{"Title":"@{variables('FileName')}","ApprovalGUID":"@variables('ApprovalGUID')","ItemURL":"@{outputs('Get_current_task')?['body/Link']}","EventDate":"@{utcNow()}","EventType":"Task created","User":{"Claims":"@{variables('AssignedToEmail')}"},"Description":"Task created for @{variables('RequestorEmail')}: Requesting changes."}},"authentication":{"value":"@json(decodeBase64(triggerOutputs().headers['X-MS-APIM-Tokens']))['$ConnectionKey']","type":"Raw"}}},"Update_new_Update_item_task_TaskUrl":{"runAfter":{"Set_Update_taskUrl":["Succeeded"]},"type":"OpenApiConnection","inputs":{"host":{"apiId":"/providers/Microsoft.PowerApps/apis/shared_sharepointonline","connectionName":"shared_sharepointonline_1","operationId":"PatchItem"},"parameters":{"dataset":"@variables('SiteUrl')","table":"@variables('ApprovalTasksListName')","id":"@outputs('Create_new_Update_item_task')?['body/ID']","item":{"TaskUrl":"@variables('taskUrl')"}},"authentication":{"value":"@json(decodeBase64(triggerOutputs().headers['X-MS-APIM-Tokens']))['$ConnectionKey']","type":"Raw"}}}}},"Submit_re-work":{"case":"Submit re-work","actions":{"Create_new_Approval_task_2":{"runAfter":{"Detect_if_submit_was_performed_on_behalf_of_the_user":["Succeeded"]},"type":"OpenApiConnection","inputs":{"host":{"apiId":"/providers/Microsoft.PowerApps/apis/shared_sharepointonline","connectionName":"shared_sharepointonline","operationId":"PostItem"},"parameters":{"dataset":"@variables('SiteUrl')","table":"@variables('ApprovalTasksListName')","item":{"Title":"Approval: @{variables('FileName')}","Description":"Revised version of @{variables('FileName')} has been submitted by: @{variables('ResponderEmail')}\n\nComment: @{variables('Comment')}","Link":"@{outputs('Get_current_task')?['body/Link']}","Requestedby":{"Claims":"@{variables('AssignedToEmail')}"},"Assignedto":{"Claims":"@{variables('RequestorEmail')}"},"ApprovalGUID":"@{variables('ApprovalGUID')}","Stage":"@outputs('Get_current_task')?['body/Stage']","ItemListName":"@{variables('SourceListName')}","ItemID":"@variables('SourceFileId')","ItemFileName":"@{variables('FileName')}","TaskType":{"Value":"Approval"},"ItemSiteUrl":"@variables('SiteUrl')","TasksListName":"@variables('ApprovalTasksListName')","HistoryListName":"@variables('ApprovalHistoryListName')","ItemListUrl":"@variables('SourceListUrl')","ApprovalRegistrySiteUrl":"@variables('ApprovalsRegistrySiteUrl')","ApprovalRegistryListName":"@variables('ApprovalsRegistryListName')","ApprovalInstancesListName":"@variables('ApprovalInstancesListName')","Status":"Active","ResponseProvidedBy":{"Claims":"@{variables('ResponderEmail')}"}}},"authentication":{"value":"@json(decodeBase64(triggerOutputs().headers['X-MS-APIM-Tokens']))['$ConnectionKey']","type":"Raw"}}},"Detect_if_submit_was_performed_on_behalf_of_the_user":{"actions":{"Create_workflow_history_record_-_submitted_changes":{"runAfter":{},"type":"OpenApiConnection","inputs":{"host":{"apiId":"/providers/Microsoft.PowerApps/apis/shared_sharepointonline","connectionName":"shared_sharepointonline","operationId":"PostItem"},"parameters":{"dataset":"@variables('SiteUrl')","table":"@variables('ApprovalHistoryListName')","item":{"Title":"@{variables('FileName')}","ApprovalGUID":"@variables('ApprovalGUID')","ItemURL":"@{outputs('Get_current_task')?['body/Link']}","EventDate":"@{utcNow()}","EventType":"Changes submitted","User":{"Claims":"@{variables('ResponderEmail')}"},"Description":"@{variables('ResponderEmail')} has submitted changes to the document as requested by @{variables('RequestorEmail')}. Comment: @{variables('Comment')}"}},"authentication":{"value":"@json(decodeBase64(triggerOutputs().headers['X-MS-APIM-Tokens']))['$ConnectionKey']","type":"Raw"}}}},"runAfter":{},"else":{"actions":{"Create_workflow_history_record_-_submitted_changes_-_delegated":{"runAfter":{},"type":"OpenApiConnection","inputs":{"host":{"apiId":"/providers/Microsoft.PowerApps/apis/shared_sharepointonline","connectionName":"shared_sharepointonline","operationId":"PostItem"},"parameters":{"dataset":"@variables('SiteUrl')","table":"@variables('ApprovalHistoryListName')","item":{"Title":"@{variables('FileName')}","ApprovalGUID":"@variables('ApprovalGUID')","ItemURL":"@{outputs('Get_current_task')?['body/Link']}","EventDate":"@{utcNow()}","EventType":"Changes submitted","User":{"Claims":"@{variables('ResponderEmail')}"},"Description":"@{variables('ResponderEmail')} has submitted changes to the document on behalf of @{variables('AssignedToEmail')} as requested by @{variables('RequestorEmail')}. Comment: @{variables('Comment')}"}},"authentication":{"value":"@json(decodeBase64(triggerOutputs().headers['X-MS-APIM-Tokens']))['$ConnectionKey']","type":"Raw"}}}}},"expression":{"equals":["@variables('ResponderEmail')","@variables('AssignedToEmail')"]},"type":"If","description":"This is needed to capture in approval history if an admin completes a task instead of the assigned approver"},"Set_approval_taskUrl_2":{"runAfter":{"Create_history_record_-_task_created_-_submit_changes":["Succeeded"]},"type":"SetVariable","inputs":{"name":"taskUrl","value":"https://apps.powerapps.com/play/@{variables('ApprovalsAppID')}?siteUrl=@{variables('SiteUrl')}&listName=@{replace(variables('ApprovalTasksListName'), ' ', '%20')}&taskId=@{outputs('Create_new_Approval_task_2')?['body/ID']}"}},"Create_history_record_-_task_created_-_submit_changes":{"runAfter":{"Create_new_Approval_task_2":["Succeeded"]},"type":"OpenApiConnection","inputs":{"host":{"apiId":"/providers/Microsoft.PowerApps/apis/shared_sharepointonline","connectionName":"shared_sharepointonline_1","operationId":"PostItem"},"parameters":{"dataset":"@variables('SiteUrl')","table":"@variables('ApprovalHistoryListName')","item":{"Title":"@{variables('FileName')}","ApprovalGUID":"@variables('ApprovalGUID')","ItemURL":"@{outputs('Get_current_task')?['body/Link']}","EventDate":"@{utcNow()}","EventType":"Task created","User":{"Claims":"@{variables('AssignedToEmail')}"},"Description":"Task created for @{variables('RequestorEmail')}: Approval."}},"authentication":{"value":"@json(decodeBase64(triggerOutputs().headers['X-MS-APIM-Tokens']))['$ConnectionKey']","type":"Raw"}}},"Update_new_Approval_task_TaskUrl_2":{"runAfter":{"Set_approval_taskUrl_2":["Succeeded"]},"type":"OpenApiConnection","inputs":{"host":{"apiId":"/providers/Microsoft.PowerApps/apis/shared_sharepointonline","connectionName":"shared_sharepointonline_1","operationId":"PatchItem"},"parameters":{"dataset":"@variables('SiteUrl')","table":"@variables('ApprovalTasksListName')","id":"@outputs('Create_new_Approval_task_2')?['body/ID']","item":{"TaskUrl":"@variables('taskUrl')"}},"authentication":{"value":"@json(decodeBase64(triggerOutputs().headers['X-MS-APIM-Tokens']))['$ConnectionKey']","type":"Raw"}}}}}},"default":{"actions":{"Terminate_-_Unexpected_input":{"runAfter":{},"type":"Terminate","inputs":{"runStatus":"Failed","runError":{"code":"400","message":"Unexpected action specified: "}}}}},"expression":"@variables('Action')","type":"Switch"},"Initialize_Action":{"runAfter":{"Initialize_TaskItemID":["Succeeded"]},"type":"InitializeVariable","inputs":{"variables":[{"name":"Action","type":"string","value":"@{triggerBody()['InitializeAction_Value']}"}]}},"Initialize_Comment":{"runAfter":{"Initialize_Action":["Succeeded"]},"type":"InitializeVariable","inputs":{"variables":[{"name":"Comment","type":"string","value":"@{triggerBody()['InitializeComment_Value']}"}]}},"Initialize_ApprovalGUID":{"runAfter":{"Initialize_TargetUser":["Succeeded"]},"type":"InitializeVariable","inputs":{"variables":[{"name":"ApprovalGUID","type":"string","value":"@{triggerBody()['InitializeApprovalGUID_Value']}"}]}},"Initialize___currentStateJSON":{"runAfter":{"Initialize_ApprovalInstancesListName":["Succeeded"]},"type":"InitializeVariable","inputs":{"variables":[{"name":"currentStateJSON","type":"string"}]}},"Initialize_tmp":{"runAfter":{"Initialize_lockFlag":["Succeeded"]},"type":"InitializeVariable","inputs":{"variables":[{"name":"tmp","type":"string"}]}},"Get_current_task":{"runAfter":{"Initialize_tmp":["Succeeded"]},"type":"OpenApiConnection","inputs":{"host":{"apiId":"/providers/Microsoft.PowerApps/apis/shared_sharepointonline","connectionName":"shared_sharepointonline","operationId":"GetItem"},"parameters":{"dataset":"@variables('SiteUrl')","table":"@variables('ApprovalTasksListName')","id":"@variables('TaskItemID')"},"authentication":{"value":"@json(decodeBase64(triggerOutputs().headers['X-MS-APIM-Tokens']))['$ConnectionKey']","type":"Raw"}},"description":"Get information about the task being processed"},"Initialize_stagesArray":{"runAfter":{"Initialize___currentStateJSON":["Succeeded"]},"type":"InitializeVariable","inputs":{"variables":[{"name":"stagesArray","type":"array"}]}},"Initialize_newStageArray":{"runAfter":{"Initialize_stagesArray":["Succeeded"]},"type":"InitializeVariable","inputs":{"variables":[{"name":"newStageArray","type":"array"}]}},"Initialize_newStageIndex":{"runAfter":{"Initialize_newJSONArray":["Succeeded"]},"type":"InitializeVariable","inputs":{"variables":[{"name":"newStageIndex","type":"integer","value":-1}]}},"Initialize_newJSONArray":{"runAfter":{"Initialize_newStageArray":["Succeeded"]},"type":"InitializeVariable","inputs":{"variables":[{"name":"newJSONArray","type":"array"}]}},"Initialize_approvalHistoryStartItemId":{"runAfter":{"Initialize_newStageIndex":["Succeeded"]},"type":"InitializeVariable","inputs":{"variables":[{"name":"approvalHistoryStartItemId","type":"integer","value":-1}]}},"Delete_current_task":{"runAfter":{"Switch":["Succeeded"]},"type":"OpenApiConnection","inputs":{"host":{"apiId":"/providers/Microsoft.PowerApps/apis/shared_sharepointonline","connectionName":"shared_sharepointonline","operationId":"DeleteItem"},"parameters":{"dataset":"@variables('SiteUrl')","table":"@variables('ApprovalTasksListName')","id":"@variables('TaskItemID')"},"authentication":{"value":"@json(decodeBase64(triggerOutputs().headers['X-MS-APIM-Tokens']))['$ConnectionKey']","type":"Raw"}}},"Initialize_newStageFound":{"runAfter":{"Initialize_approvalHistoryStartItemId":["Succeeded"]},"type":"InitializeVariable","inputs":{"variables":[{"name":"newStageFound","type":"boolean","value":"@false"}]}},"Initialize_ResponderEmail":{"runAfter":{"Initialize_AssignedToEmail":["Succeeded"]},"type":"InitializeVariable","inputs":{"variables":[{"name":"ResponderEmail","type":"string","value":"@{triggerBody()['InitializeResponderEmail_Value']}"}]}},"Initialize_RequestorEmail":{"runAfter":{"Initialize_Comment":["Succeeded"]},"type":"InitializeVariable","inputs":{"variables":[{"name":"RequestorEmail","type":"string","value":"@{triggerBody()['InitializeRequestorEmail_Value']}"}]}},"Initialize_SiteUrl":{"runAfter":{},"type":"InitializeVariable","inputs":{"variables":[{"name":"SiteUrl","type":"string","value":"@{triggerBody()['InitializeSiteUrl_Value']}"}]}},"Initialize_TargetUser":{"runAfter":{"Initialize_ResponderEmail":["Succeeded"]},"type":"InitializeVariable","inputs":{"variables":[{"name":"TargetUser","type":"string","value":"@{triggerBody()['InitializeTargetUser_Value']}"}]}},"Initialize_ApprovalTasksListName":{"runAfter":{"Initialize_FileName":["Succeeded"]},"type":"InitializeVariable","inputs":{"variables":[{"name":"ApprovalTasksListName","type":"string","value":"@{triggerBody()['InitializeApprovalTasksListName_Value']}"}]}},"Initialize_ApprovalHistoryListName":{"runAfter":{"Initialize_ApprovalTasksListName":["Succeeded"]},"type":"InitializeVariable","inputs":{"variables":[{"name":"ApprovalHistoryListName","type":"string","value":"@{triggerBody()['InitializeApprovalHistoryListName_Value']}"}]}},"Initialize_AssignedToEmail":{"runAfter":{"Initialize_RequestorEmail":["Succeeded"]},"type":"InitializeVariable","inputs":{"variables":[{"name":"AssignedToEmail","type":"string","value":"@{triggerBody()['InitializeAssignedToEmail_Value']}"}]}},"Initialize_TaskItemID":{"runAfter":{"Initialize_ApprovalHistoryListName":["Succeeded"]},"type":"InitializeVariable","inputs":{"variables":[{"name":"TaskItemID","type":"integer","value":"@triggerBody()['InitializeTaskItemID_Value']"}]}},"Initialize_SourceListName":{"runAfter":{"Initialize_SiteUrl":["Succeeded"]},"type":"InitializeVariable","inputs":{"variables":[{"name":"SourceListName","type":"string","value":"@{triggerBody()['InitializeSourceListName_Value']}"}]}},"Initialize_SourceFileId":{"runAfter":{"Initialize_SourceListUrl":["Succeeded"]},"type":"InitializeVariable","inputs":{"variables":[{"name":"SourceFileId","type":"integer","value":"@triggerBody()['InitializeSourceFileId_Value']"}]}},"Initialize_FileName":{"runAfter":{"Initialize_SourceFileId":["Succeeded"]},"type":"InitializeVariable","inputs":{"variables":[{"name":"FileName","type":"string","value":"@{triggerBody()['InitializeFileName_Value']}"}]}},"Set_current_task_status_to_Completed":{"runAfter":{"Get_current_task":["Succeeded"]},"type":"OpenApiConnection","inputs":{"host":{"apiId":"/providers/Microsoft.PowerApps/apis/shared_sharepointonline","connectionName":"shared_sharepointonline","operationId":"PatchItem"},"parameters":{"dataset":"@variables('SiteUrl')","table":"@variables('ApprovalTasksListName')","id":"@variables('TaskItemID')","item":{"Status":"Completed"}},"authentication":{"value":"@json(decodeBase64(triggerOutputs().headers['X-MS-APIM-Tokens']))['$ConnectionKey']","type":"Raw"}},"description":"Setting tasks status to Completed will prevent it from appearing in the PowerApp results"},"Initialize_taskUrl":{"runAfter":{"Initialize_newStageFound":["Succeeded"]},"type":"InitializeVariable","inputs":{"variables":[{"name":"taskUrl","type":"string"}]}},"Initialize_ApprovalsAppID":{"runAfter":{"Initialize_ApprovalGUID":["Succeeded"]},"type":"InitializeVariable","inputs":{"variables":[{"name":"ApprovalsAppID","type":"string","value":"@{triggerBody()['InitializeApprovalsAppID_Value']}"}]}},"Initialize_SourceListUrl":{"runAfter":{"Initialize_SourceListName":["Succeeded"]},"type":"InitializeVariable","inputs":{"variables":[{"name":"SourceListUrl","type":"string","value":"@{triggerBody()['InitializeSourceListUrl_Value']}"}]}},"Initialize_approvalSummary":{"runAfter":{"Initialize_taskUrl":["Succeeded"]},"type":"InitializeVariable","inputs":{"variables":[{"name":"approvalSummary","type":"string"}]}},"Initialize_ApprovalsRegistrySiteUrl":{"runAfter":{"Initialize_ApprovalsAppID":["Succeeded"]},"type":"InitializeVariable","inputs":{"variables":[{"name":"ApprovalsRegistrySiteUrl","type":"string","value":"@{triggerBody()['InitializeApprovalsRegistrySiteUrl_Value']}"}]}},"Initialize_ApprovalsRegistryListName":{"runAfter":{"Initialize_ApprovalsRegistrySiteUrl":["Succeeded"]},"type":"InitializeVariable","inputs":{"variables":[{"name":"ApprovalsRegistryListName","type":"string","value":"@{triggerBody()['InitializeApprovalsRegistryListName_Value']}"}]}},"Initialize_approvalParticipants":{"runAfter":{"Initialize_participantFound":["Succeeded"]},"type":"InitializeVariable","inputs":{"variables":[{"name":"approvalParticipants","type":"array"}]}},"Initialize_participantFound":{"runAfter":{"Initialize_emailApprovalSummary":["Succeeded"]},"type":"InitializeVariable","inputs":{"variables":[{"name":"participantFound","type":"boolean","value":"@false"}]}},"Initialize_emailApprovalSummary":{"runAfter":{"Initialize_approvalSummary":["Succeeded"]},"type":"InitializeVariable","inputs":{"variables":[{"name":"emailApprovalSummary","type":"string"}]}},"Initialize_ApprovalInstancesListName":{"runAfter":{"Initialize_ApprovalsRegistryListName":["Succeeded"]},"type":"InitializeVariable","inputs":{"variables":[{"name":"ApprovalInstancesListName","type":"string","value":"@{triggerBody()['InitializeApprovalInstancesListName_Value']}"}]}},"Initialize_lockFlag":{"runAfter":{"Initialize_approvalParticipants":["Succeeded"]},"type":"InitializeVariable","inputs":{"variables":[{"name":"lockFlag","type":"boolean","value":"@false"}]},"description":"This variable is used to avoid potential race conditions when updating current workflow state. Indicates whether the process has successfully \"locked\" the workflow history starting record."}},"outputs":{},"description":"Create one or more actions to happen when a button or link in PowerApps is selected. To use this flow from a PowerApp, select the control you want to trigger the flow and go to the Action tab in the PowerApps ribbon and select Flows."},"connectionReferences":{"shared_sharepointonline":{"connectionName":"shared-sharepointonl-5dbb9fec-221a-4be3-b1e6-8be089b29ae2","source":"Invoker","id":"/providers/Microsoft.PowerApps/apis/shared_sharepointonline","tier":"NotSpecified"},"shared_sharepointonline_1":{"connectionName":"d6c2b895702e41a5a0c802206adbee30","source":"Invoker","id":"/providers/Microsoft.PowerApps/apis/shared_sharepointonline","tier":"NotSpecified"},"shared_sendmail":{"connectionName":"shared-sendmail-dabdb1a6-d0ff-4544-801c-37562db81fec","source":"Invoker","id":"/providers/Microsoft.PowerApps/apis/shared_sendmail","tier":"NotSpecified"}},"flowFailureAlertSubscribed":false}}