{"name":"37e1bf95-280f-4ca7-b7c6-e8c58682558d","id":"/providers/Microsoft.Flow/flows/37e1bf95-280f-4ca7-b7c6-e8c58682558d","type":"Microsoft.Flow/flows","properties":{"apiId":"/providers/Microsoft.PowerApps/apis/shared_logicflows","displayName":"2010CollectSignature","definition":{"metadata":{"workflowEntityId":null,"flowclientsuspensionreason":"None","flowclientsuspensiontime":null,"creator":{"id":"e000f62d-c051-4ebb-9056-89ebc7362849","type":"User","tenantId":"0a5fc066-fe53-4a00-a738-5a4eec55ceef"},"provisioningMethod":"FromDefinition","failureAlertSubscription":true,"clientLastModifiedTime":"2020-09-10T21:32:14.4861438Z"},"$schema":"https://schema.management.azure.com/providers/Microsoft.Logic/schemas/2016-06-01/workflowdefinition.json#","contentVersion":"1.0.0.0","parameters":{"$connections":{"defaultValue":{},"type":"Object"},"$authentication":{"defaultValue":{},"type":"SecureObject"}},"triggers":{"manual":{"type":"Request","kind":"PowerApp","inputs":{"schema":{"type":"object","properties":{"ParseJSON_Content":{"type":"any","x-ms-powerflows-param-ispartial":false},"Getitem_Id":{"type":"integer","format":"int64","description":"Unique identifier of item to be retrieved","x-ms-powerflows-param-ispartial":false},"varComment_Value":{"type":"string","description":"Enter initial value","x-ms-powerflows-param-ispartial":false}},"required":["ParseJSON_Content","Getitem_Id","varComment_Value"]}}}},"actions":{"Parse_JSON":{"runAfter":{"varCount":["Succeeded"]},"type":"ParseJson","inputs":{"content":"@triggerBody()['ParseJSON_Content']","schema":{"type":"array","items":{"type":"object","properties":{"FileName":{"type":"string"},"Image":{"type":"string"}},"required":["FileName","Image"]}}}},"GetCollectSigItem":{"runAfter":{"Parse_JSON":["Succeeded"]},"type":"OpenApiConnection","inputs":{"host":{"apiId":"/providers/Microsoft.PowerApps/apis/shared_sharepointonline","connectionName":"shared_sharepointonline","operationId":"GetItem"},"parameters":{"dataset":"https://sharepointlady.sharepoint.com/sites/2010Approvals","table":"7aefc0d6-8a06-4353-8f1b-e24c84c0e359","id":"@triggerBody()['Getitem_Id']"},"authentication":{"value":"@json(decodeBase64(triggerOutputs().headers['X-MS-APIM-Tokens']))['$ConnectionKey']","type":"Raw"}}},"UpdateTaskListItem":{"foreach":"@body('Parse_JSON')","actions":{"Add_attachment":{"runAfter":{},"type":"OpenApiConnection","inputs":{"host":{"apiId":"/providers/Microsoft.PowerApps/apis/shared_sharepointonline","connectionName":"shared_sharepointonline","operationId":"CreateAttachment"},"parameters":{"dataset":"https://sharepointlady.sharepoint.com/sites/2010Approvals","table":"7aefc0d6-8a06-4353-8f1b-e24c84c0e359","itemId":"@outputs('GetCollectSigItem')?['body/ID']","displayName":"@items('UpdateTaskListItem')['FileName']","body":"@dataUriToBinary(items('UpdateTaskListItem')['Image'])"},"authentication":{"value":"@json(decodeBase64(triggerOutputs().headers['X-MS-APIM-Tokens']))['$ConnectionKey']","type":"Raw"}}},"Update_item":{"runAfter":{"Add_attachment":["Succeeded"]},"type":"OpenApiConnection","inputs":{"host":{"apiId":"/providers/Microsoft.PowerApps/apis/shared_sharepointonline","connectionName":"shared_sharepointonline","operationId":"PatchItem"},"parameters":{"dataset":"https://sharepointlady.sharepoint.com/sites/2010Approvals","table":"7aefc0d6-8a06-4353-8f1b-e24c84c0e359","id":"@outputs('GetCollectSigItem')?['body/ID']","item/Title":"@outputs('GetCollectSigItem')?['body/Title']","item/ApprovalStatus":"Approved","item/Comments":"@variables('varComment')"},"authentication":{"value":"@json(decodeBase64(triggerOutputs().headers['X-MS-APIM-Tokens']))['$ConnectionKey']","type":"Raw"}}}},"runAfter":{"GetCollectSigItem":["Succeeded"]},"type":"Foreach"},"varComment":{"runAfter":{},"type":"InitializeVariable","inputs":{"variables":[{"name":"varComment","type":"string","value":"@{triggerBody()['varComment_Value']}"}]}},"GetWorkFlowHistoryItem":{"runAfter":{"UpdateTaskListItem":["Succeeded"]},"type":"OpenApiConnection","inputs":{"host":{"apiId":"/providers/Microsoft.PowerApps/apis/shared_sharepointonline","connectionName":"shared_sharepointonline","operationId":"GetItems"},"parameters":{"dataset":"https://sharepointlady.sharepoint.com/sites/2010Approvals","table":"d6192543-25ee-47af-81ec-fb3d2b6feab4","$filter":"WKGUID eq '@{outputs('GetCollectSigItem')?['body/MasterID']}'"},"authentication":{"value":"@json(decodeBase64(triggerOutputs().headers['X-MS-APIM-Tokens']))['$ConnectionKey']","type":"Raw"}}},"varCount":{"runAfter":{"varComment":["Succeeded"]},"type":"InitializeVariable","inputs":{"variables":[{"name":"varCount","type":"float"}]}},"SetvarCount":{"foreach":"@outputs('GetWorkFlowHistoryItem')?['body/value']","actions":{"Set_variable":{"runAfter":{},"type":"SetVariable","inputs":{"name":"varCount","value":"@add(items('SetvarCount')?['ApproverCount'],-1)"}}},"runAfter":{"GetWorkFlowHistoryItem":["Succeeded"]},"type":"Foreach"},"UpdateWorkflowHistoryItem":{"foreach":"@outputs('GetWorkFlowHistoryItem')?['body/value']","actions":{"Update_WorkFlowHistoryItem":{"runAfter":{},"type":"OpenApiConnection","inputs":{"host":{"apiId":"/providers/Microsoft.PowerApps/apis/shared_sharepointonline","connectionName":"shared_sharepointonline","operationId":"PatchItem"},"parameters":{"dataset":"https://sharepointlady.sharepoint.com/sites/2010Approvals","table":"d6192543-25ee-47af-81ec-fb3d2b6feab4","id":"@items('UpdateWorkflowHistoryItem')?['ID']","item/Title":"@items('UpdateWorkflowHistoryItem')?['Title']","item/ApproverCount":"@variables('varCount')"},"authentication":{"value":"@json(decodeBase64(triggerOutputs().headers['X-MS-APIM-Tokens']))['$ConnectionKey']","type":"Raw"}}}},"runAfter":{"SetvarCount":["Succeeded"]},"type":"Foreach"},"CheckApproverCount":{"actions":{"UpdateWorkFlowHistoryComplete":{"foreach":"@outputs('GetWorkFlowHistoryItem')?['body/value']","actions":{"UpdateWorkFlowHistorytoComplete":{"runAfter":{},"type":"OpenApiConnection","inputs":{"host":{"apiId":"/providers/Microsoft.PowerApps/apis/shared_sharepointonline","connectionName":"shared_sharepointonline","operationId":"PatchItem"},"parameters":{"dataset":"https://sharepointlady.sharepoint.com/sites/2010Approvals","table":"d6192543-25ee-47af-81ec-fb3d2b6feab4","id":"@items('UpdateWorkFlowHistoryComplete')?['ID']","item/Title":"@items('UpdateWorkFlowHistoryComplete')?['Title']","item/Status":"Workflow Complete"},"authentication":{"value":"@json(decodeBase64(triggerOutputs().headers['X-MS-APIM-Tokens']))['$ConnectionKey']","type":"Raw"}}}},"runAfter":{},"type":"Foreach"}},"runAfter":{"UpdateWorkflowHistoryItem":["Succeeded"]},"expression":{"equals":["@variables('varCount')",0]},"type":"If"}}},"connectionReferences":{"shared_sharepointonline":{"connectionName":"1219365284978f6a1469c4eb238c8b10","source":"Invoker","id":"/providers/Microsoft.PowerApps/apis/shared_sharepointonline","tier":"NotSpecified"}},"flowFailureAlertSubscribed":false}}