{"name":"4f9f897b-dae2-442e-892d-d4575e191841","id":"/providers/Microsoft.Flow/flows/4f9f897b-dae2-442e-892d-d4575e191841","type":"Microsoft.Flow/flows","properties":{"apiId":"/providers/Microsoft.PowerApps/apis/shared_logicflows","displayName":"Approval cancel approval","definition":{"metadata":{"workflowEntityId":null,"flowclientsuspensionreason":"None","flowclientsuspensiontime":null,"creator":{"id":"ac1a4c9a-07f7-4d31-b198-9a6da5a03841","type":"User","tenantId":"ba146a51-d053-4032-9abe-e5ea99b42255"},"provisioningMethod":"FromDefinition","failureAlertSubscription":true,"clientLastModifiedTime":"2020-09-30T17:18:05.6154131Z"},"$schema":"https://schema.management.azure.com/providers/Microsoft.Logic/schemas/2016-06-01/workflowdefinition.json#","contentVersion":"1.0.0.0","parameters":{"$connections":{"defaultValue":{},"type":"Object"},"$authentication":{"defaultValue":{},"type":"SecureObject"}},"triggers":{"manual":{"type":"Request","kind":"PowerApp","inputs":{"schema":{"type":"object","properties":{"InitializeApprovalGUID_Value":{"type":"string","description":"Enter initial value","x-ms-powerflows-param-ispartial":false},"InitializeSiteUrl_Value":{"type":"string","description":"Enter initial value","x-ms-powerflows-param-ispartial":false},"InitializeDescription_Value":{"type":"string","description":"Enter initial value","x-ms-powerflows-param-ispartial":false},"InitializeTitle_Value":{"type":"string","description":"Enter initial value","x-ms-powerflows-param-ispartial":false},"InitializeItemUrl_Value":{"type":"string","description":"Enter initial value","x-ms-powerflows-param-ispartial":false},"InitializeRequestedBy_Value":{"type":"string","description":"Enter initial value","x-ms-powerflows-param-ispartial":false},"InitializeResponderEmail_Value":{"type":"string","description":"Enter initial value","x-ms-powerflows-param-ispartial":false}},"required":["InitializeApprovalGUID_Value","InitializeSiteUrl_Value","InitializeDescription_Value","InitializeTitle_Value","InitializeItemUrl_Value","InitializeRequestedBy_Value","InitializeResponderEmail_Value"]}}}},"actions":{"Initialize_ApprovalGUID":{"runAfter":{"Initialize_Title":["Succeeded"]},"type":"InitializeVariable","inputs":{"variables":[{"name":"ApprovalGUID","type":"string","value":"@{triggerBody()['InitializeApprovalGUID_Value']}"}]}},"CONFIG_-_Initialize_ApprovalTasksListName":{"runAfter":{"CONFIG_-_Initialize_ApprovalInstancesListName":["Succeeded"]},"type":"InitializeVariable","inputs":{"variables":[{"name":"ApprovalTasksListName","type":"string","value":"Approval Tasks"}]}},"Initialize_SiteUrl":{"runAfter":{"CONFIG_-_Initialize_ApprovalHistoryListName":["Succeeded"]},"type":"InitializeVariable","inputs":{"variables":[{"name":"SiteUrl","type":"string","value":"@{triggerBody()['InitializeSiteUrl_Value']}"}]}},"Initialize_Description":{"runAfter":{"Initialize_ItemUrl":["Succeeded"]},"type":"InitializeVariable","inputs":{"variables":[{"name":"Description","type":"string","value":"@{triggerBody()['InitializeDescription_Value']}"}]}},"Create_cancel_approval_task":{"runAfter":{"Initialize_ResponderEmail":["Succeeded"]},"type":"OpenApiConnection","inputs":{"host":{"apiId":"/providers/Microsoft.PowerApps/apis/shared_sharepointonline","connectionName":"shared_sharepointonline","operationId":"PostItem"},"parameters":{"dataset":"@variables('SiteUrl')","table":"@variables('ApprovalTasksListName')","item":{"Title":"@variables('Title')","Description":"@variables('Description')","Link":"@variables('ItemUrl')","Requestedby":{"Claims":"@variables('RequestedBy')"},"Assignedto":{"Claims":"@variables('ResponderEmail')"},"ApprovalGUID":"@variables('ApprovalGUID')","TaskType":{"Value":"Cancel approval"},"ItemSiteUrl":"@variables('SiteUrl')","TasksListName":"@variables('ApprovalTasksListName')","HistoryListName":"@variables('ApprovalHistoryListName')","ApprovalRegistrySiteUrl":"@variables('ApprovalRegistrlySiteUrl')","ApprovalInstancesListName":"@variables('ApprovalInstancesListName')","Status":"Active"}},"authentication":{"value":"@json(decodeBase64(triggerOutputs().headers['X-MS-APIM-Tokens']))['$ConnectionKey']","type":"Raw"}},"description":"In this unique case AssignedTo field is being used to store the email of the user, who requested approval cancellation. "},"Initialize_Title":{"runAfter":{"Initialize_SiteUrl":["Succeeded"]},"type":"InitializeVariable","inputs":{"variables":[{"name":"Title","type":"string","value":"@{triggerBody()['InitializeTitle_Value']}"}]}},"Initialize_ItemUrl":{"runAfter":{"Initialize_ApprovalGUID":["Succeeded"]},"type":"InitializeVariable","inputs":{"variables":[{"name":"ItemUrl","type":"string","value":"@{triggerBody()['InitializeItemUrl_Value']}"}]}},"Initialize_RequestedBy":{"runAfter":{"Initialize_Description":["Succeeded"]},"type":"InitializeVariable","inputs":{"variables":[{"name":"RequestedBy","type":"string","value":"@{triggerBody()['InitializeRequestedBy_Value']}"}]}},"CONFIG_-_Initialize_ApprovalHistoryListName":{"runAfter":{"CONFIG_-_Initialize_ApprovalTasksListName":["Succeeded"]},"type":"InitializeVariable","inputs":{"variables":[{"name":"ApprovalHistoryListName","type":"string","value":"Approval History"}]}},"CONFIG_-_Initialize_ApprovalRegistrlySiteUrl":{"runAfter":{},"type":"InitializeVariable","inputs":{"variables":[{"name":"ApprovalRegistrlySiteUrl","type":"string","value":"https://m365x774940.sharepoint.com/sites/ApprovalsRegistry"}]}},"CONFIG_-_Initialize_ApprovalInstancesListName":{"runAfter":{"CONFIG_-_Initialize_ApprovalRegistrlySiteUrl":["Succeeded"]},"type":"InitializeVariable","inputs":{"variables":[{"name":"ApprovalInstancesListName","type":"string","value":"Approval instances"}]}},"Initialize_ResponderEmail":{"runAfter":{"Initialize_RequestedBy":["Succeeded"]},"type":"InitializeVariable","inputs":{"variables":[{"name":"ResponderEmail","type":"string","value":"@{triggerBody()['InitializeResponderEmail_Value']}"}]}}}},"connectionReferences":{"shared_sharepointonline":{"connectionName":"d6c2b895702e41a5a0c802206adbee30","source":"Invoker","id":"/providers/Microsoft.PowerApps/apis/shared_sharepointonline","tier":"NotSpecified"}},"flowFailureAlertSubscribed":false}}