{"name":"d72275aa-779d-46e3-9580-021aee93cf96","id":"/providers/Microsoft.Flow/flows/d72275aa-779d-46e3-9580-021aee93cf96","type":"Microsoft.Flow/flows","properties":{"apiId":"/providers/Microsoft.PowerApps/apis/shared_logicflows","displayName":"Request approval","definition":{"metadata":{"workflowEntityId":null,"flowclientsuspensionreason":"None","flowclientsuspensiontime":null,"creator":{"id":"ac1a4c9a-07f7-4d31-b198-9a6da5a03841","type":"User","tenantId":"ba146a51-d053-4032-9abe-e5ea99b42255"},"provisioningMethod":"FromDefinition","failureAlertSubscription":true,"clientLastModifiedTime":"2021-03-04T22:22:31.728909Z"},"$schema":"https://schema.management.azure.com/providers/Microsoft.Logic/schemas/2016-06-01/workflowdefinition.json#","contentVersion":"1.0.0.0","parameters":{"$connections":{"defaultValue":{},"type":"Object"},"$authentication":{"defaultValue":{},"type":"SecureObject"},"sharepoint.site":{"defaultValue":"","type":"String"},"sharepoint.list":{"defaultValue":"","type":"String"}},"triggers":{"manual":{"splitOn":"@triggerBody()['rows']","type":"Request","kind":"ApiConnection","inputs":{"schema":{"type":"object","properties":{"rows":{"type":"array","items":{"type":"object","properties":{"text":{"type":"string","x-ms-dynamically-added":true,"description":"Message to manager","x-ms-content-hint":"TEXT","title":"Message"},"email":{"title":"Approvers","type":"string","format":"email","x-ms-dynamically-added":true,"description":"Please enter an e-mail address","x-ms-content-hint":"EMAIL"},"text_1":{"title":"Approval process","type":"string","x-ms-dynamically-added":true,"description":"Sequential or parallel","x-ms-content-hint":"TEXT","enum":["Sequential","Parallel"]},"entity":{"type":"object","properties":{"FileId":{"type":"string"},"itemUrl":{"title":"itemUrl","type":"string"},"fileName":{"title":"fileName","type":"string"},"ID":{"title":"ID","type":"integer","format":"int64"}},"required":["FileId","itemUrl","fileName","ID"]}},"required":["email","text_1","entity"]}}},"required":["rows"]},"headersSchema":{"x-ms-user-name-encoded":{"title":"User name","type":"string","format":"byte","x-ms-dynamically-added":false},"x-ms-user-email-encoded":{"title":"User email","type":"string","format":"byte","x-ms-dynamically-added":false}},"host":{"connection":{"name":"@parameters('$connections')['shared_sharepointonline']['connectionId']"},"api":{"runtimeUrl":"https://unitedstates-002.azure-apim.net/apim/sharepointonline"}},"operationId":"ForASelectedFileHybridTrigger","parameters":{"dataset":"https://m365x774940.sharepoint.com/sites/OPGApprovalTest2","table":"e24bb5cb-ecd2-487f-93b0-977614af189b"}}}},"actions":{"Get_file_properties":{"runAfter":{"Finalize_Description":["Succeeded"]},"metadata":{"flowSystemMetadata":{"swaggerOperationId":"GetFileItem"}},"type":"ApiConnection","inputs":{"host":{"connection":{"name":"@json(decodeBase64(triggerOutputs().headers['X-MS-APIM-Tokens']))['$connections']['shared_sharepointonline']['connectionId']"},"api":{"runtimeUrl":"https://unitedstates-002.azure-apim.net/apim/sharepointonline"}},"method":"get","path":"/datasets/@{encodeURIComponent(encodeURIComponent(variables('SiteUrl')))}/tables/@{encodeURIComponent(encodeURIComponent(variables('ListName')))}/items/@{encodeURIComponent(triggerBody()?['entity']?['ID'])}/getfileitem","authentication":{"type":"Raw","value":"@json(decodeBase64(triggerOutputs().headers['X-MS-APIM-Tokens']))['$ConnectionKey']"},"api":{"runtimeUrl":"https://unitedstates-002.azure-apim.net/apim/sharepointonline"}}},"Terminate_-_File_not_found":{"runAfter":{"Get_file_properties":["Failed"]},"type":"Terminate","inputs":{"runStatus":"Failed","runError":{"code":"404","message":"File not found: @{triggerBody()?['entity']?['itemUrl']}"}}},"Initialize_FlowJSON":{"runAfter":{"Initialize_ApprovalHistoryListName":["Succeeded"]},"type":"InitializeVariable","inputs":{"variables":[{"name":"FlowJSON","type":"string","value":"{\"Stages\": ["}]}},"Switch":{"runAfter":{"Create_workflow_instance_record":["Succeeded"]},"cases":{"Sequential":{"case":"Sequential","actions":{"Append_each_approver_as_separate_stage":{"foreach":"@variables('Approvers')","actions":{"Append_stage_to_FlowJSON":{"runAfter":{},"type":"AppendToStringVariable","inputs":{"name":"FlowJSON","value":"{\"index\":@{variables('Index')},\"Approvers\": [\t{\"email\": \"@{items('Append_each_approver_as_separate_stage')}\"}]},"}},"Increment_Index_-_seq":{"runAfter":{"Append_stage_to_FlowJSON":["Succeeded"]},"type":"IncrementVariable","inputs":{"name":"Index","value":1}}},"runAfter":{},"type":"Foreach"},"Remove_trailing_comma_from_FlowJSON_-_Seq":{"runAfter":{"Append_each_approver_as_separate_stage":["Succeeded"]},"type":"SetVariable","inputs":{"name":"tmp","value":"@{substring(variables('FlowJSON'), 0, add(length(variables('FlowJSON')), -1))}"}},"Close_sequential_JSON":{"runAfter":{"Remove_trailing_comma_from_FlowJSON_-_Seq":["Succeeded"]},"type":"AppendToStringVariable","inputs":{"name":"tmp","value":"\t]\n}"}}}},"Parallel":{"case":"Parallel","actions":{"Append_start_to_FlowJSON":{"runAfter":{},"type":"AppendToStringVariable","inputs":{"name":"FlowJSON","value":"{\"index\":@{variables('Index')},\"Approvers\": ["}},"Append_each_approver_into_one_stage":{"foreach":"@variables('Approvers')","actions":{"Append_approver_to_FlowJSON":{"runAfter":{},"type":"AppendToStringVariable","inputs":{"name":"FlowJSON","value":"{\"email\": \"@{items('Append_each_approver_into_one_stage')}\"},"}}},"runAfter":{"Append_start_to_FlowJSON":["Succeeded"]},"type":"Foreach"},"Remove_trailing_comma_from_FlowJSON_-_Prl":{"runAfter":{"Append_each_approver_into_one_stage":["Succeeded"]},"type":"SetVariable","inputs":{"name":"tmp","value":"@{substring(variables('FlowJSON'), 0, add(length(variables('FlowJSON')), -1))}"}},"Close_parallel_JSON":{"runAfter":{"Remove_trailing_comma_from_FlowJSON_-_Prl":["Succeeded"]},"type":"AppendToStringVariable","inputs":{"name":"tmp","value":"]}]}"}}}}},"default":{"actions":{"Terminate_2":{"runAfter":{},"type":"Terminate","inputs":{"runStatus":"Failed","runError":{"code":"400","message":"Unexpected value provided for Approval process: '@{triggerBody()['text_1']}'"}}}}},"expression":"@triggerBody()['text_1']","type":"Switch"},"Initialize_ApproversStr":{"runAfter":{"Initialize_FlowJSON":["Succeeded"]},"type":"InitializeVariable","inputs":{"variables":[{"name":"ApproversStr","type":"string","value":"@triggerBody()['email']"}]}},"Initialize_Approvers":{"runAfter":{"Initialize_ApproversStr":["Succeeded"]},"type":"InitializeVariable","inputs":{"variables":[{"name":"Approvers","type":"array","value":"@split(variables('ApproversStr'), ';')"}]}},"Initialize_tmp":{"runAfter":{"Initialize_tmpArray":["Succeeded"]},"type":"InitializeVariable","inputs":{"variables":[{"name":"tmp","type":"string"}]}},"Set_FlowJSON":{"runAfter":{"Switch":["Succeeded"]},"type":"SetVariable","inputs":{"name":"FlowJSON","value":"@variables('tmp')"}},"Create_approval_history_record":{"runAfter":{"Set_timeStarted_to_utcNow":["Succeeded"]},"metadata":{"flowSystemMetadata":{"swaggerOperationId":"PostItem"}},"type":"ApiConnection","inputs":{"host":{"connection":{"name":"@json(decodeBase64(triggerOutputs().headers['X-MS-APIM-Tokens']))['$connections']['shared_sharepointonline']['connectionId']"},"api":{"runtimeUrl":"https://unitedstates-002.azure-apim.net/apim/sharepointonline"}},"method":"post","body":{"Title":"@triggerBody()?['entity']?['fileName']","ApprovalGUID":"@variables('ApprovalGUID')","ItemURL":"@{body('Get_file_properties')?['{Link}']}","EventDate":"@{variables('timeStarted')}","EventType":"Approval started","User":{"Claims":"@triggerOutputs()['headers']['x-ms-user-email']"},"Description":"@variables('Description')","FullJSON":"@variables('FlowJSON')","CurrentStateJSON":"@variables('FlowJSON')"},"path":"/datasets/@{encodeURIComponent(encodeURIComponent(variables('SiteUrl')))}/tables/@{encodeURIComponent(encodeURIComponent(variables('ApprovalHistoryListName')))}/items","authentication":{"type":"Raw","value":"@json(decodeBase64(triggerOutputs().headers['X-MS-APIM-Tokens']))['$ConnectionKey']"}}},"Initialize_approvalGUID":{"runAfter":{"Append_requestor_email_to_Participants":["Succeeded"]},"type":"InitializeVariable","inputs":{"variables":[{"name":"approvalGUID","type":"string","value":"@{guid()}"}]}},"Parse_FlowJSON":{"runAfter":{"Send_notification_-_approval_started":["Succeeded"]},"type":"ParseJson","inputs":{"content":"@variables('FlowJSON')","schema":{"type":"object","properties":{"Stages":{"type":"array","items":{"type":"object","properties":{"index":{"type":"integer"},"Approvers":{"type":"array","items":{"type":"object","properties":{"email":{"type":"string"}},"required":["email"]}}},"required":["index","Approvers"]}}}}}},"Initialize_firstStageApprovers":{"runAfter":{"Initialize_fileUrl":["Succeeded"]},"type":"InitializeVariable","inputs":{"variables":[{"name":"firstStageApprovers","type":"object"}]}},"Get_first_stage":{"runAfter":{"Parse_FlowJSON":["Succeeded"]},"type":"Query","inputs":{"from":"@body('Parse_FlowJSON')?['Stages']","where":"@equals(item()?['index'], 0)"}},"Apply_to_each_stage_retrieved":{"foreach":"@body('Get_first_stage')","actions":{"Parse_first_stage_approvers":{"runAfter":{},"type":"ParseJson","inputs":{"content":"@items('Apply_to_each_stage_retrieved')?['Approvers']","schema":{"type":"array","items":{"type":"object","properties":{"email":{"type":"string"}},"required":["email"]}}}},"Apply_to_each":{"foreach":"@body('Parse_first_stage_approvers')","actions":{"Parse_Approver":{"runAfter":{},"type":"ParseJson","inputs":{"content":"@items('Apply_to_each')","schema":{"type":"object","properties":{"email":{"type":"string"}}}}},"Create_item":{"runAfter":{"Parse_Approver":["Succeeded"]},"metadata":{"flowSystemMetadata":{"swaggerOperationId":"PostItem"}},"type":"ApiConnection","inputs":{"host":{"connection":{"name":"@json(decodeBase64(triggerOutputs().headers['X-MS-APIM-Tokens']))['$connections']['shared_sharepointonline']['connectionId']"},"api":{"runtimeUrl":"https://unitedstates-002.azure-apim.net/apim/sharepointonline"}},"method":"post","body":{"Title":"@{body('Create_approval_history_record')?['{FilenameWithExtension}']}","Description":"@triggerBody()?['text']","Link":"@{body('Get_file_properties')?['{Link}']}","Requestedby":{"Claims":"@triggerOutputs()['headers']['x-ms-user-email']"},"Assignedto":{"Claims":"@body('Parse_Approver')?['email']"},"ApprovalGUID":"@variables('approvalGUID')","Stage":"@items('Apply_to_each_stage_retrieved')?['index']","ItemListName":"@variables('ListName')","ItemID":"@triggerBody()?['entity']?['ID']","ItemFileName":"@triggerBody()?['entity']?['fileName']","TaskType":{"Value":"Approval"},"ItemSiteUrl":"@variables('SiteUrl')","TasksListName":"@variables('ApprovalTasksListName')","HistoryListName":"@variables('ApprovalHistoryListName')","ItemListUrl":"@variables('ListUrl')","ApprovalRegistrySiteUrl":"@variables('ApprovalsRegistrySiteUrl')","ApprovalRegistryListName":"@variables('ApprovalsRegistryListName')","ApprovalInstancesListName":"@variables('ApprovalInstancesListName')","Status":"Active","CCEmail":"@{variables('CCEmail')}"},"path":"/datasets/@{encodeURIComponent(encodeURIComponent(variables('SiteUrl')))}/tables/@{encodeURIComponent(encodeURIComponent(variables('ApprovalTasksListName')))}/items","authentication":{"type":"Raw","value":"@json(decodeBase64(triggerOutputs().headers['X-MS-APIM-Tokens']))['$ConnectionKey']"}}},"Set_taskUrl":{"runAfter":{"Create_approval_history_record_-_task_created":["Succeeded"]},"type":"SetVariable","inputs":{"name":"taskUrl","value":"https://apps.powerapps.com/play/@{variables('ApprovalsAppID')}?siteUrl=@{variables('SiteUrl')}&listName=@{replace(variables('ApprovalTasksListName'), ' ', '%20')}&taskId=@{body('Create_item')?['ID']}"}},"Create_approval_history_record_-_task_created":{"runAfter":{"Create_item":["Succeeded"]},"metadata":{"flowSystemMetadata":{"swaggerOperationId":"PostItem"}},"type":"ApiConnection","inputs":{"host":{"connection":{"name":"@json(decodeBase64(triggerOutputs().headers['X-MS-APIM-Tokens']))['$connections']['shared_sharepointonline']['connectionId']"},"api":{"runtimeUrl":"https://unitedstates-002.azure-apim.net/apim/sharepointonline"}},"method":"post","body":{"Title":"@triggerBody()?['entity']?['fileName']","ApprovalGUID":"@variables('ApprovalGUID')","ItemURL":"@{body('Get_file_properties')?['{Link}']}","EventDate":"@{utcNow()}","EventType":"Task created","User":{"Claims":"@triggerOutputs()['headers']['x-ms-user-email']"},"Description":"Task created for @{items('Apply_to_each')['email']}: Approval."},"path":"/datasets/@{encodeURIComponent(encodeURIComponent(variables('SiteUrl')))}/tables/@{encodeURIComponent(encodeURIComponent(variables('ApprovalHistoryListName')))}/items","authentication":{"type":"Raw","value":"@json(decodeBase64(triggerOutputs().headers['X-MS-APIM-Tokens']))['$ConnectionKey']"}}},"Update_task_-_TaskUrl":{"runAfter":{"Set_taskUrl":["Succeeded"]},"metadata":{"flowSystemMetadata":{"swaggerOperationId":"PatchItem"}},"type":"ApiConnection","inputs":{"host":{"connection":{"name":"@json(decodeBase64(triggerOutputs().headers['X-MS-APIM-Tokens']))['$connections']['shared_sharepointonline']['connectionId']"},"api":{"runtimeUrl":"https://unitedstates-002.azure-apim.net/apim/sharepointonline"}},"method":"patch","body":{"TaskUrl":"@variables('taskUrl')"},"path":"/datasets/@{encodeURIComponent(encodeURIComponent(variables('SiteUrl')))}/tables/@{encodeURIComponent(encodeURIComponent(variables('ApprovalTasksListName')))}/items/@{encodeURIComponent(body('Create_item')?['ID'])}","authentication":{"type":"Raw","value":"@json(decodeBase64(triggerOutputs().headers['X-MS-APIM-Tokens']))['$ConnectionKey']"}}}},"runAfter":{"Parse_first_stage_approvers":["Succeeded"]},"type":"Foreach"}},"runAfter":{"Get_first_stage":["Succeeded"]},"type":"Foreach","description":"This array should always have one element"},"Initialize_index":{"runAfter":{"Initialize_firstStageApprovers":["Succeeded"]},"type":"InitializeVariable","inputs":{"variables":[{"name":"index","type":"integer","value":0}]}},"CONFIG_-_Initialize_ListName":{"runAfter":{"CONFIG_-_Initialize_SiteUrl":["Succeeded"]},"type":"InitializeVariable","inputs":{"variables":[{"name":"ListName","type":"string","value":"Documents"}]}},"Initialize_ApprovalTasksListName":{"runAfter":{"Initialize_approverFound":["Succeeded"]},"type":"InitializeVariable","inputs":{"variables":[{"name":"ApprovalTasksListName","type":"string","value":"Approval Tasks"}]}},"Initialize_ApprovalHistoryListName":{"runAfter":{"Initialize_ApprovalTasksListName":["Succeeded"]},"type":"InitializeVariable","inputs":{"variables":[{"name":"ApprovalHistoryListName","type":"string","value":"Approval History"}]}},"Initialize_taskUrl":{"runAfter":{"Initialize_timeStarted":["Succeeded"]},"type":"InitializeVariable","inputs":{"variables":[{"name":"taskUrl","type":"string"}]}},"CONFIG_-_Initialize_ApprovalsRegistrySiteUrl":{"runAfter":{},"type":"InitializeVariable","inputs":{"variables":[{"name":"ApprovalsRegistrySiteUrl","type":"string","value":"https://m365x774940.sharepoint.com/sites/ApprovalsRegistry"}]}},"CONFIG_-_Initialize_SiteUrl":{"runAfter":{"CONFIG_-_Initialize_ApprovalInstancesListName":["Succeeded"]},"type":"InitializeVariable","inputs":{"variables":[{"name":"SiteUrl","type":"string","value":"https://m365x774940.sharepoint.com/sites/OPGApprovalTest2"}]}},"CONFIG_-_Initialize_ApprovalsRegistryListName":{"runAfter":{"CONFIG_-_Initialize_ApprovalsRegistrySiteUrl":["Succeeded"]},"type":"InitializeVariable","inputs":{"variables":[{"name":"ApprovalsRegistryListName","type":"string","value":"Approvals Registry"}]}},"Initialize_approverFound":{"runAfter":{"Initialize_siteRecordID":["Succeeded"]},"type":"InitializeVariable","inputs":{"variables":[{"name":"approverFound","type":"boolean","value":"@false"}]}},"Initialize_siteRecordID":{"runAfter":{"CONFIG_-_Initialize_CCEmail":["Succeeded"]},"type":"InitializeVariable","inputs":{"variables":[{"name":"siteRecordID","type":"integer","value":-1}]}},"Initialize_tmpArray":{"runAfter":{"Initialize_approversValidatedFlag":["Succeeded"]},"type":"InitializeVariable","inputs":{"variables":[{"name":"tmpArray","type":"array","value":[]}]}},"CONFIG_-_Initialize_ApprovalsAppID":{"runAfter":{"CONFIG_-_Initialize_ListUrl":["Succeeded"]},"type":"InitializeVariable","inputs":{"variables":[{"name":"ApprovalsAppID","type":"string","value":"db31bef1-6a9d-4c19-96fb-e4dbd64edffc"}]}},"Check_if_another_approval_is_already_running":{"actions":{"Terminate_flow":{"runAfter":{"Notify_requestor":["Succeeded"]},"type":"Terminate","inputs":{"runStatus":"Failed","runError":{"code":"1001","message":"Another Approval process is already running on this document"}}},"Notify_requestor":{"runAfter":{},"metadata":{"flowSystemMetadata":{"swaggerOperationId":"SendEmailV2"}},"type":"ApiConnection","inputs":{"host":{"connection":{"name":"@json(decodeBase64(triggerOutputs().headers['X-MS-APIM-Tokens']))['$connections']['shared_office365']['connectionId']"},"api":{"runtimeUrl":"https://unitedstates-002.azure-apim.net/apim/office365"}},"method":"post","body":{"To":"@base64ToString(triggerOutputs()['headers']['x-ms-user-email-encoded'])","Subject":"Approval cancelled: another process already running","Body":"The approval for document <a href=\"@{triggerBody()?['entity']?['itemUrl']}\">@{triggerBody()?['entity']?['fileName']}</a> coudn't start becasue another Approval process is already in progress. Please cancel or complete existing approval process and re-submit the request.","Importance":"Normal"},"path":"/v2/Mail","authentication":{"type":"Raw","value":"@json(decodeBase64(triggerOutputs().headers['X-MS-APIM-Tokens']))['$ConnectionKey']"}}}},"runAfter":{"Get_file_properties":["Succeeded"]},"expression":{"equals":["@body('Get_file_properties')?['ApprovalOutcome']","Pending"]},"type":"If"},"Set_ApprovalOutcome_to_Pending":{"runAfter":{"Compose_previous_state":["Succeeded"]},"metadata":{"flowSystemMetadata":{"swaggerOperationId":"HttpRequest"}},"type":"ApiConnection","inputs":{"host":{"connection":{"name":"@json(decodeBase64(triggerOutputs().headers['X-MS-APIM-Tokens']))['$connections']['shared_sharepointonline']['connectionId']"},"api":{"runtimeUrl":"https://unitedstates-002.azure-apim.net/apim/sharepointonline"}},"method":"post","body":{"method":"POST","uri":"_vti_bin/client.svc/ProcessQuery","headers":{"Content-Type":"text/xml;charset=\"UTF-8\"","X-Requested-With":"XMLHTTPRequest","Accept":"*/*"},"body":"<Request xmlns=\"http://schemas.microsoft.com/sharepoint/clientquery/2009\" SchemaVersion=\"15.0.0.0\" LibraryVersion=\"16.0.0.0\" ApplicationName=\"Javascript Library\">\n<Actions>\n\n<Method Name=\"SetFieldValue\" Id=\"4\" ObjectPathId=\"3\">\n<Parameters>\n<Parameter Type=\"String\">ApprovalOutcome</Parameter>\n<Parameter Type=\"String\">Pending</Parameter>\n</Parameters>\n</Method>\n\n<Method Name=\"SetFieldValue\" Id=\"4\" ObjectPathId=\"3\">\n<Parameters>\n<Parameter Type=\"String\">ApprovalSummary</Parameter>\n<Parameter Type=\"String\"></Parameter>\n</Parameters>\n</Method>\n\n<Method Name=\"SetFieldValue\" Id=\"4\" ObjectPathId=\"3\">\n<Parameters>\n<Parameter Type=\"String\">PreviousApproval</Parameter>\n<Parameter Type=\"String\">@{outputs('Compose_previous_state')}</Parameter>\n</Parameters>\n</Method>\n\n<Method Name=\"SystemUpdate\" Id=\"5\" ObjectPathId=\"3\" />\n</Actions>\n<ObjectPaths>\n<Property Id=\"1\" ParentId=\"0\" Name=\"Web\" />\n<Method Id=\"2\" ParentId=\"1\" Name=\"GetList\">\n<Parameters>\n<Parameter Type=\"String\">@{variables('ListUrl')}</Parameter>\n</Parameters>\n</Method>\n\n<Method Id=\"3\" ParentId=\"2\" Name=\"GetItemById\">\n<Parameters>\n<Parameter Type=\"Number\">@{triggerBody()?['entity']?['ID']}</Parameter>\n</Parameters>\n</Method>\n\n<StaticProperty Id=\"0\" TypeId=\"{3747adcd-a3c3-41b9-bfab-4a64dd2f1e0a}\" Name=\"Current\" />\n</ObjectPaths>\n</Request>"},"path":"/datasets/@{encodeURIComponent(encodeURIComponent(variables('SiteUrl')))}/httprequest","authentication":{"type":"Raw","value":"@json(decodeBase64(triggerOutputs().headers['X-MS-APIM-Tokens']))['$ConnectionKey']"}}},"CONFIG_-_Initialize_ListUrl":{"runAfter":{"CONFIG_-_Initialize_ListName":["Succeeded"]},"type":"InitializeVariable","inputs":{"variables":[{"name":"ListUrl","type":"string","value":"https://m365x774940.sharepoint.com/sites/OPGApprovalTest2/Shared%20Documents"}]}},"Initialize_Participants":{"runAfter":{"Initialize_Approvers":["Succeeded"]},"type":"InitializeVariable","inputs":{"variables":[{"name":"Participants","type":"array","value":"@variables('Approvers')"}]},"description":"This array will contain all approvers + requestor. This is needed to add all approval participants to the registry list"},"Append_requestor_email_to_Participants":{"runAfter":{"Initialize_Participants":["Succeeded"]},"type":"AppendToArrayVariable","inputs":{"name":"Participants","value":"@triggerOutputs()['headers']['x-ms-user-email']"}},"Initialize_Description":{"runAfter":{"Initialize_approvalGUID":["Succeeded"]},"type":"InitializeVariable","inputs":{"variables":[{"name":"Description","type":"string","value":"Approval was started. \nType: @{triggerBody()['text_1']} \nComment: @{triggerBody()?['text']} \nParticipants: "}]}},"For_each_approver":{"foreach":"@variables('Approvers')","actions":{"Get_approver_profile":{"runAfter":{},"metadata":{"flowSystemMetadata":{"swaggerOperationId":"UserProfile_V2"}},"type":"ApiConnection","inputs":{"host":{"connection":{"name":"@json(decodeBase64(triggerOutputs().headers['X-MS-APIM-Tokens']))['$connections']['shared_office365users']['connectionId']"},"api":{"runtimeUrl":"https://unitedstates-002.azure-apim.net/apim/office365users"}},"method":"get","path":"/codeless/v1.0/users/@{encodeURIComponent(items('For_each_approver'))}","authentication":{"type":"Raw","value":"@json(decodeBase64(triggerOutputs().headers['X-MS-APIM-Tokens']))['$ConnectionKey']"}}},"Append_Approver_to_Description":{"runAfter":{"Get_approver_profile":["Succeeded"]},"type":"AppendToStringVariable","inputs":{"name":"Description","value":"@{items('For_each_approver')}; "}},"Set_approversValidatedFlag_to_False":{"runAfter":{"Get_approver_profile":["Failed"]},"type":"SetVariable","inputs":{"name":"approversValidatedFlag","value":"@false"}},"Append_to_string_variable":{"runAfter":{"Set_approversValidatedFlag_to_False":["Succeeded"]},"type":"AppendToStringVariable","inputs":{"name":"tmp","value":"@{items('For_each_approver')}; "}}},"runAfter":{"Initialize_tmp":["Succeeded"]},"type":"Foreach","description":"Compile workflow description"},"Finalize_Description":{"runAfter":{"Format_Description":["Succeeded"]},"type":"SetVariable","inputs":{"name":"Description","value":"@{concat(outputs('Format_Description')?['body'], '.')}"}},"Format_Description":{"runAfter":{"Check_if_approverValidatedFlag_is_False":["Succeeded"]},"type":"Expression","kind":"Substring","inputs":{"text":"@trim(variables('Description'))","startingPosition":0,"length":"@add(length(trim(variables('Description'))), -1)"}},"Compose_previous_state":{"runAfter":{"Check_if_another_approval_is_already_running":["Succeeded"]},"type":"Compose","inputs":{"Outcome":"@{body('Get_file_properties')?['ApprovalOutcome']}","Summary":"@{body('Get_file_properties')?['ApprovalSummary']}"}},"CONFIG_-_Initialize_ApprovalInstancesListName":{"runAfter":{"CONFIG_-_Initialize_ApprovalsRegistryListName":["Succeeded"]},"type":"InitializeVariable","inputs":{"variables":[{"name":"ApprovalInstancesListName","type":"string","value":"Approval Instances"}]}},"Create_workflow_instance_record":{"runAfter":{"Set_ApprovalOutcome_to_Pending":["Succeeded"]},"metadata":{"flowSystemMetadata":{"swaggerOperationId":"PostItem"}},"type":"ApiConnection","inputs":{"host":{"connection":{"name":"@json(decodeBase64(triggerOutputs().headers['X-MS-APIM-Tokens']))['$connections']['shared_sharepointonline']['connectionId']"},"api":{"runtimeUrl":"https://unitedstates-002.azure-apim.net/apim/sharepointonline"}},"method":"post","body":{"Title":"@triggerBody()?['entity']?['fileName']","SiteUrl":"@variables('SiteUrl')","ApprovalGUID":"@variables('approvalGUID')","User":{"Claims":"@triggerOutputs()['headers']['x-ms-user-email']"},"ItemListName":"@variables('ListName')","ItemID":"@triggerBody()?['entity']?['ID']","ItemUrl":"@variables('fileUrl')","Status":"Active"},"path":"/datasets/@{encodeURIComponent(encodeURIComponent(variables('ApprovalsRegistrySiteUrl')))}/tables/@{encodeURIComponent(encodeURIComponent(variables('ApprovalInstancesListName')))}/items","authentication":{"type":"Raw","value":"@json(decodeBase64(triggerOutputs().headers['X-MS-APIM-Tokens']))['$ConnectionKey']"}}},"Initialize_fileUrl":{"runAfter":{"Initialize_Description":["Succeeded"]},"type":"InitializeVariable","inputs":{"variables":[{"name":"fileUrl","type":"string","value":"@triggerBody()?['entity']?['itemUrl']"}]}},"Initialize_timeStarted":{"runAfter":{"Initialize_index":["Succeeded"]},"type":"InitializeVariable","inputs":{"variables":[{"name":"timeStarted","type":"string"}]}},"Set_timeStarted_to_utcNow":{"runAfter":{"Set_FlowJSON":["Succeeded"]},"type":"SetVariable","inputs":{"name":"timeStarted","value":"@{utcNow()}"}},"CONFIG_-_Initialize_CCEmail":{"runAfter":{"CONFIG_-_Initialize_ApprovalsAppID":["Succeeded"]},"type":"InitializeVariable","inputs":{"variables":[{"name":"CCEmail","type":"string"}]},"description":"Specify one or more emails (separated by ';' if more than one email) that will receive notifications of the approval process starting and completing. Leave blank if no CC email required."},"Initialize_approversValidatedFlag":{"runAfter":{"Initialize_taskUrl":["Succeeded"]},"type":"InitializeVariable","inputs":{"variables":[{"name":"approversValidatedFlag","type":"boolean","value":"@true"}]},"description":"This variable is required to verify that all specified approvers are valid users and not groups. TRUE by default, will be set to FALSE in case of validation error."},"Check_if_approverValidatedFlag_is_False":{"actions":{"Terminate":{"runAfter":{"Notify_initiator_-_invalid_approvers":["Succeeded"]},"type":"Terminate","inputs":{"runStatus":"Failed","runError":{"code":"Invalid user","message":"Invalid approver(s) provided: @{variables('tmp')}"}}},"Notify_initiator_-_invalid_approvers":{"runAfter":{},"metadata":{"flowSystemMetadata":{"swaggerOperationId":"SendEmailV2"}},"type":"ApiConnection","inputs":{"host":{"connection":{"name":"@json(decodeBase64(triggerOutputs().headers['X-MS-APIM-Tokens']))['$connections']['shared_office365']['connectionId']"},"api":{"runtimeUrl":"https://unitedstates-002.azure-apim.net/apim/office365"}},"method":"post","body":{"To":"@base64ToString(triggerOutputs()['headers']['x-ms-user-email-encoded'])","Subject":"Approval cancelled: invalid user name(s) specified as approvers","Body":"The approval was cancelled becasue one more specified approvers could not be validated:<br/><br/>\n@{variables('tmp')}<br/><br/>\n<strong>Note:</strong> Approvals process does not support groups as approvers.","Cc":"@variables('CCEmail')","Importance":"Normal"},"path":"/v2/Mail","authentication":{"type":"Raw","value":"@json(decodeBase64(triggerOutputs().headers['X-MS-APIM-Tokens']))['$ConnectionKey']"}}}},"runAfter":{"For_each_approver":["Succeeded"]},"expression":{"equals":["@variables('approversValidatedFlag')","@false"]},"type":"If"},"Send_notification_-_approval_started":{"runAfter":{"Create_approval_history_record":["Succeeded"]},"metadata":{"flowSystemMetadata":{"swaggerOperationId":"SendEmailV2"}},"type":"ApiConnection","inputs":{"host":{"connection":{"name":"@json(decodeBase64(triggerOutputs().headers['X-MS-APIM-Tokens']))['$connections']['shared_office365']['connectionId']"},"api":{"runtimeUrl":"https://unitedstates-002.azure-apim.net/apim/office365"}},"method":"post","body":{"To":"@base64ToString(triggerOutputs()['headers']['x-ms-user-email-encoded'])","Subject":"Approval started for @{triggerBody()?['entity']?['fileName']} (ID: @{triggerBody()?['entity']?['ID']})","Body":"Approval was started for <a href=\"@{triggerBody()?['entity']?['itemUrl']}\">@{triggerBody()?['entity']?['fileName']}</a><br/><br/>\n\n<strong>Initiator:</strong> @{base64ToString(triggerOutputs()['headers']['x-ms-user-name-encoded'])} (@{triggerOutputs()['headers']['x-ms-user-email']})<br/>\n<strong>Time started:</strong> @{utcNow()}<br/>\n<strong>Document ID:</strong> @{triggerBody()?['entity']?['ID']}<br/>\n<strong>Approval ID:</strong> @{variables('ApprovalGUID')}<br/><br/>\n<strong>Description:</strong><br/><br/> @{decodeUriComponent (replace(encodeUriComponent(variables('Description')), '%0A', encodeUriComponent('</br>')))}","Cc":"@variables('CCEmail')","Importance":"Normal"},"path":"/v2/Mail","authentication":{"type":"Raw","value":"@json(decodeBase64(triggerOutputs().headers['X-MS-APIM-Tokens']))['$ConnectionKey']"}}}},"outputs":{},"description":"This flow triggers a one-stage approval process. Serial or Parallel options can be selected."},"connectionReferences":{"shared_sharepointonline":{"connectionName":"d6c2b895702e41a5a0c802206adbee30","source":"Embedded","id":"/providers/Microsoft.PowerApps/apis/shared_sharepointonline","tier":"NotSpecified"},"shared_office365users":{"connectionName":"398b33846cbb45d082a45775fe8a8dda","source":"Invoker","id":"/providers/Microsoft.PowerApps/apis/shared_office365users","tier":"NotSpecified"},"shared_office365":{"connectionName":"shared-office365-548cd84c-5a7b-4048-be12-3edf44e85b89","source":"Invoker","id":"/providers/Microsoft.PowerApps/apis/shared_office365","tier":"NotSpecified"}},"flowFailureAlertSubscribed":false}}