{"name":"787f5421-fac4-4e7f-96de-3c56ded176ab","id":"/providers/Microsoft.Flow/flows/787f5421-fac4-4e7f-96de-3c56ded176ab","type":"Microsoft.Flow/flows","properties":{"apiId":"/providers/Microsoft.PowerApps/apis/shared_logicflows","displayName":"Approval get sites for user","definition":{"metadata":{"workflowEntityId":null,"flowclientsuspensionreason":"None","flowclientsuspensiontime":null,"creator":{"id":"ac1a4c9a-07f7-4d31-b198-9a6da5a03841","type":"User","tenantId":"ba146a51-d053-4032-9abe-e5ea99b42255"},"provisioningMethod":"FromDefinition","failureAlertSubscription":true,"clientLastModifiedTime":"2020-09-01T21:53:02.4032857Z"},"$schema":"https://schema.management.azure.com/providers/Microsoft.Logic/schemas/2016-06-01/workflowdefinition.json#","contentVersion":"1.0.0.0","parameters":{"$connections":{"defaultValue":{},"type":"Object"},"$authentication":{"defaultValue":{},"type":"SecureObject"}},"triggers":{"manual":{"type":"Request","kind":"PowerApp","inputs":{"schema":{"type":"object","properties":{"InitializeUserEmail_Value":{"type":"string","description":"Enter initial value","x-ms-powerflows-param-ispartial":false}},"required":["InitializeUserEmail_Value"]}}}},"actions":{"CONFIG_-_Initialize_ApprovalsRegistrySiteUrl":{"runAfter":{},"type":"InitializeVariable","inputs":{"variables":[{"name":"ApprovalsRegistrySiteUrl","type":"string","value":"https://m365x774940.sharepoint.com/sites/ApprovalsRegistry"}]}},"CONFIG_-_Initialize_ApprovalsRegistryListName":{"runAfter":{"CONFIG_-_Initialize_ApprovalsRegistrySiteUrl":["Succeeded"]},"type":"InitializeVariable","inputs":{"variables":[{"name":"ApprovalsRegistryListName","type":"string","value":"Approvals Registry"}]}},"Initialize_UserEmail":{"runAfter":{"CONFIG_-_Initialize_ApprovalsRegistryListName":["Succeeded"]},"type":"InitializeVariable","inputs":{"variables":[{"name":"UserEmail","type":"string","value":"@{triggerBody()['InitializeUserEmail_Value']}"}]}},"Initialize_SitesArray":{"runAfter":{"Initialize_UserEmail":["Succeeded"]},"type":"InitializeVariable","inputs":{"variables":[{"name":"SitesArray","type":"string"}]}},"Respond_to_a_PowerApp_or_flow":{"runAfter":{"Set_variable":["Succeeded"]},"type":"Response","kind":"PowerApp","inputs":{"statusCode":200,"body":{"text":"@variables('SitesArray')"},"schema":{"type":"object","properties":{"text":{"title":"Text","x-ms-dynamically-added":true,"type":"string"}}}}},"Get_items":{"runAfter":{"Initialize_SitesArray":["Succeeded"]},"type":"OpenApiConnection","inputs":{"host":{"apiId":"/providers/Microsoft.PowerApps/apis/shared_sharepointonline","connectionName":"shared_sharepointonline","operationId":"GetItems"},"parameters":{"dataset":"@variables('ApprovalsRegistrySiteUrl')","table":"@variables('ApprovalsRegistryListName')"},"authentication":{"value":"@json(decodeBase64(triggerOutputs().headers['X-MS-APIM-Tokens']))['$ConnectionKey']","type":"Raw"}}},"Apply_to_each":{"foreach":"@outputs('Get_items')?['body/value']","actions":{"Filter_array":{"runAfter":{},"type":"Query","inputs":{"from":"@items('Apply_to_each')?['Approvers']","where":"@equals(toLower(item()?['Email']), toLower(variables('UserEmail')))"}},"Condition":{"actions":{"Append_to_string_variable":{"runAfter":{},"type":"AppendToStringVariable","inputs":{"name":"SitesArray","value":"@{items('Apply_to_each')?['Title']},@{items('Apply_to_each')?['SiteUrl']};"}}},"runAfter":{"Filter_array":["Succeeded"]},"else":{"actions":{"Filter_array_2":{"runAfter":{},"type":"Query","inputs":{"from":"@items('Apply_to_each')?['Administrators']","where":"@equals(toLower(item()?['Email']), toLower(variables('UserEmail')))"}},"Condition_2":{"actions":{"Append_to_string_variable_2":{"runAfter":{},"type":"AppendToStringVariable","inputs":{"name":"SitesArray","value":"@{items('Apply_to_each')?['Title']},@{items('Apply_to_each')?['SiteUrl']};"}}},"runAfter":{"Filter_array_2":["Succeeded"]},"expression":{"greater":["@length(body('Filter_array_2'))",0]},"type":"If"}}},"expression":{"greater":["@length(body('Filter_array'))",0]},"type":"If"}},"runAfter":{"Get_items":["Succeeded"]},"type":"Foreach"},"Set_variable":{"runAfter":{"Remove_last_semicolon":["Succeeded"]},"type":"SetVariable","inputs":{"name":"SitesArray","value":"@outputs('Remove_last_semicolon')?['body']"}},"Remove_last_semicolon":{"runAfter":{"Apply_to_each":["Succeeded"]},"type":"Expression","kind":"Substring","inputs":{"text":"@variables('SitesArray')","startingPosition":0,"length":"@add(length(variables('SitesArray')), -1)"}}},"outputs":{},"description":"Create one or more actions to happen when a button or link in PowerApps is selected. To use this flow from a PowerApp, select the control you want to trigger the flow and go to the Action tab in the PowerApps ribbon and select Flows."},"connectionReferences":{"shared_sharepointonline":{"connectionName":"shared-sharepointonl-5dbb9fec-221a-4be3-b1e6-8be089b29ae2","source":"Invoker","id":"/providers/Microsoft.PowerApps/apis/shared_sharepointonline","tier":"NotSpecified"}},"flowFailureAlertSubscribed":false}}