{"name":"da23bc3c-7df9-4397-b4e8-51097517542b","id":"/providers/Microsoft.Flow/flows/da23bc3c-7df9-4397-b4e8-51097517542b","type":"Microsoft.Flow/flows","properties":{"apiId":"/providers/Microsoft.PowerApps/apis/shared_logicflows","displayName":"Approval worker flow","definition":{"metadata":{"workflowEntityId":null,"flowclientsuspensionreason":"None","flowclientsuspensiontime":null,"creator":{"id":"ac1a4c9a-07f7-4d31-b198-9a6da5a03841","type":"User","tenantId":"ba146a51-d053-4032-9abe-e5ea99b42255"},"provisioningMethod":"FromDefinition","failureAlertSubscription":true,"clientLastModifiedTime":"2020-10-18T21:03:38.967513Z"},"$schema":"https://schema.management.azure.com/providers/Microsoft.Logic/schemas/2016-06-01/workflowdefinition.json#","contentVersion":"1.0.0.0","parameters":{"$connections":{"defaultValue":{},"type":"Object"},"$authentication":{"defaultValue":{},"type":"SecureObject"},"sharepoint.site":{"defaultValue":"","type":"String"},"sharepoint.list":{"defaultValue":"","type":"String"}},"triggers":{"When_a_new_item_is_created":{"recurrence":{"frequency":"Minute","interval":5},"splitOn":"@triggerBody()?.value","metadata":{"flowSystemMetadata":{"swaggerOperationId":"GetOnNewItems"}},"type":"ApiConnection","inputs":{"host":{"connection":{"name":"@parameters('$connections')['shared_sharepointonline']['connectionId']"},"api":{"runtimeUrl":"https://unitedstates-002.azure-apim.net/apim/sharepointonline"}},"method":"get","path":"/datasets/@{encodeURIComponent(encodeURIComponent('https://m365x774940.sharepoint.com/sites/OPGApprovalTest2'))}/tables/@{encodeURIComponent(encodeURIComponent('18bcdc11-5f1d-4b9f-a591-fbb892c871de'))}/onnewitems","authentication":"@parameters('$authentication')"},"conditions":[]}},"actions":{"Initialize_ParticipantFound":{"runAfter":{"Initialize_SiteRecordTitle":["Succeeded"]},"type":"InitializeVariable","inputs":{"variables":[{"name":"ParticipantFound","type":"boolean","value":"@false"}]}},"Initialize_ApprovalParticipants":{"runAfter":{"Initialize_ParticipantFound":["Succeeded"]},"type":"InitializeVariable","inputs":{"variables":[{"name":"ApprovalParticipants","type":"array"}]}},"Initialize_SiteRecordId":{"runAfter":{"CONFIG_-_Initialize_ApprovalsAppID":["Succeeded"]},"type":"InitializeVariable","inputs":{"variables":[{"name":"SiteRecordId","type":"integer"}]}},"Initialize_SiteRecordTitle":{"runAfter":{"Initialize_SiteRecordId":["Succeeded"]},"type":"InitializeVariable","inputs":{"variables":[{"name":"SiteRecordTitle","type":"string"}]}},"Initialize_activeTaskFound":{"runAfter":{"Initialize_ApprovalParticipants":["Succeeded"]},"type":"InitializeVariable","inputs":{"variables":[{"name":"activeTaskFound","type":"boolean","value":"@false"}]}},"Initialize_itemFileName":{"runAfter":{"Initialize_activeTaskFound":["Succeeded"]},"type":"InitializeVariable","inputs":{"variables":[{"name":"itemFileName","type":"string"}]}},"Initialize_itemListName":{"runAfter":{"Initialize_itemFileName":["Succeeded"]},"type":"InitializeVariable","inputs":{"variables":[{"name":"itemListName","type":"string"}]}},"Initialize_itemListUrl":{"runAfter":{"Initialize_itemListName":["Succeeded"]},"type":"InitializeVariable","inputs":{"variables":[{"name":"itemListUrl","type":"string"}]}},"Initialize_itemID":{"runAfter":{"Initialize_itemListUrl":["Succeeded"]},"type":"InitializeVariable","inputs":{"variables":[{"name":"itemID","type":"float"}]}},"Switch_TaskType":{"runAfter":{"Initialize_initiatorEmail":["Succeeded"]},"cases":{"Cancel_approval":{"case":"Cancel approval","actions":{"Get_outstanding_active_tasks_for_approval":{"runAfter":{},"metadata":{"flowSystemMetadata":{"swaggerOperationId":"GetItems"}},"type":"ApiConnection","inputs":{"host":{"connection":{"name":"@parameters('$connections')['shared_sharepointonline']['connectionId']"},"api":{"runtimeUrl":"https://unitedstates-002.azure-apim.net/apim/sharepointonline"}},"method":"get","path":"/datasets/@{encodeURIComponent(encodeURIComponent(triggerBody()?['ItemSiteUrl']))}/tables/@{encodeURIComponent(encodeURIComponent(triggerBody()?['TasksListName']))}/items","queries":{"$filter":"ApprovalGUID eq '@{triggerBody()?['ApprovalGUID']}' and ID ne @{triggerBody()?['ID']} and Status eq 'Active'"},"authentication":"@parameters('$authentication')"}},"Delete_each_outstanding_task":{"foreach":"@body('Get_outstanding_active_tasks_for_approval')?['value']","actions":{"Check_if_first_active_task":{"actions":{"Set_activeTaskFound_true":{"runAfter":{},"type":"SetVariable","inputs":{"name":"activeTaskFound","value":"@true"}},"Set_itemFileName":{"runAfter":{"Set_activeTaskFound_true":["Succeeded"]},"type":"SetVariable","inputs":{"name":"itemFileName","value":"@items('Delete_each_outstanding_task')?['ItemFileName']"}},"Set_itemListName":{"runAfter":{"Set_itemFileName":["Succeeded"]},"type":"SetVariable","inputs":{"name":"itemListName","value":"@items('Delete_each_outstanding_task')?['ItemListName']"}},"Set_itemListUrl":{"runAfter":{"Set_itemListName":["Succeeded"]},"type":"SetVariable","inputs":{"name":"itemListUrl","value":"@items('Delete_each_outstanding_task')?['ItemListUrl']"}},"Set_itemID":{"runAfter":{"Set_itemListUrl":["Succeeded"]},"type":"SetVariable","inputs":{"name":"itemID","value":"@items('Delete_each_outstanding_task')?['ItemID']"}},"Retrieve_workflow_initiator_email_based_on_task_type":{"actions":{"Set_initiatorEmail_AssignedTo":{"runAfter":{},"type":"SetVariable","inputs":{"name":"initiatorEmail","value":"@items('Delete_each_outstanding_task')?['Assignedto']?['Email']"}}},"runAfter":{"Set_itemID":["Succeeded"]},"else":{"actions":{"Set_initiatorEmail_Requested_by":{"runAfter":{},"type":"SetVariable","inputs":{"name":"initiatorEmail","value":"@items('Delete_each_outstanding_task')?['Requestedby']?['Email']"}}}},"expression":{"equals":["@items('Delete_each_outstanding_task')?['TaskType']","Request changes"]},"type":"If"}},"runAfter":{},"expression":{"equals":["@variables('activeTaskFound')","@false"]},"type":"If","description":"Check if this is first active task we discovered"},"Delete_task":{"runAfter":{"Check_if_first_active_task":["Succeeded"]},"metadata":{"flowSystemMetadata":{"swaggerOperationId":"DeleteItem"}},"type":"ApiConnection","inputs":{"host":{"connection":{"name":"@parameters('$connections')['shared_sharepointonline']['connectionId']"},"api":{"runtimeUrl":"https://unitedstates-002.azure-apim.net/apim/sharepointonline"}},"method":"delete","path":"/datasets/@{encodeURIComponent(encodeURIComponent(triggerBody()?['ItemSiteUrl']))}/tables/@{encodeURIComponent(encodeURIComponent(triggerBody()?['TasksListName']))}/items/@{encodeURIComponent(items('Delete_each_outstanding_task')?['ID'])}","authentication":"@parameters('$authentication')"}}},"runAfter":{"Get_outstanding_active_tasks_for_approval":["Succeeded"]},"type":"Foreach"},"Get_source_document_properties":{"runAfter":{"For_each_running_approval_instance_-_cancel":["Succeeded"]},"metadata":{"flowSystemMetadata":{"swaggerOperationId":"GetFileItem"}},"type":"ApiConnection","inputs":{"host":{"connection":{"name":"@parameters('$connections')['shared_sharepointonline']['connectionId']"},"api":{"runtimeUrl":"https://unitedstates-002.azure-apim.net/apim/sharepointonline"}},"method":"get","path":"/datasets/@{encodeURIComponent(encodeURIComponent(triggerBody()?['ItemSiteUrl']))}/tables/@{encodeURIComponent(encodeURIComponent(variables('itemListName')))}/items/@{encodeURIComponent(variables('itemID'))}/getfileitem","authentication":"@parameters('$authentication')"}},"Parse_PreviousApproval":{"runAfter":{"Get_source_document_properties":["Succeeded"]},"type":"ParseJson","inputs":{"content":"@body('Get_source_document_properties')?['PreviousApproval']","schema":{"type":"object","properties":{"Outcome":{"type":"string"},"Summary":{"type":"string"}}}}},"Revert_approval_outcome_to_previous_state":{"runAfter":{"Parse_PreviousApproval":["Succeeded"]},"metadata":{"flowSystemMetadata":{"swaggerOperationId":"HttpRequest"}},"type":"ApiConnection","inputs":{"host":{"connection":{"name":"@parameters('$connections')['shared_sharepointonline']['connectionId']"},"api":{"runtimeUrl":"https://unitedstates-002.azure-apim.net/apim/sharepointonline"}},"method":"post","body":{"method":"POST","uri":"_vti_bin/client.svc/ProcessQuery","headers":{"Content-Type":"text/xml;charset=\"UTF-8\"","X-Requested-With":"XMLHTTPRequest","Accept":"*/*"},"body":"<Request xmlns=\"http://schemas.microsoft.com/sharepoint/clientquery/2009\" SchemaVersion=\"15.0.0.0\" LibraryVersion=\"16.0.0.0\" ApplicationName=\"Javascript Library\">\n<Actions>\n\n<Method Name=\"SetFieldValue\" Id=\"4\" ObjectPathId=\"3\">\n<Parameters>\n<Parameter Type=\"String\">ApprovalOutcome</Parameter>\n<Parameter Type=\"String\">@{body('Parse_PreviousApproval')?['Outcome']}</Parameter>\n</Parameters>\n</Method>\n\n<Method Name=\"SetFieldValue\" Id=\"4\" ObjectPathId=\"3\">\n<Parameters>\n<Parameter Type=\"String\">ApprovalSummary</Parameter>\n<Parameter Type=\"String\">@{body('Parse_PreviousApproval')?['Summary']}</Parameter>\n</Parameters>\n</Method>\n\n<Method Name=\"SetFieldValue\" Id=\"4\" ObjectPathId=\"3\">\n<Parameters>\n<Parameter Type=\"String\">PreviousApproval</Parameter>\n<Parameter Type=\"String\"></Parameter>\n</Parameters>\n</Method>\n\n<Method Name=\"SystemUpdate\" Id=\"5\" ObjectPathId=\"3\" />\n</Actions>\n<ObjectPaths>\n<Property Id=\"1\" ParentId=\"0\" Name=\"Web\" />\n<Method Id=\"2\" ParentId=\"1\" Name=\"GetList\">\n<Parameters>\n<Parameter Type=\"String\">@{variables('itemListUrl')}</Parameter>\n</Parameters>\n</Method>\n\n<Method Id=\"3\" ParentId=\"2\" Name=\"GetItemById\">\n<Parameters>\n<Parameter Type=\"Number\">@{variables('itemID')}</Parameter>\n</Parameters>\n</Method>\n\n<StaticProperty Id=\"0\" TypeId=\"{3747adcd-a3c3-41b9-bfab-4a64dd2f1e0a}\" Name=\"Current\" />\n</ObjectPaths>\n</Request>"},"path":"/datasets/@{encodeURIComponent(encodeURIComponent(triggerBody()?['ItemSiteUrl']))}/httprequest","authentication":"@parameters('$authentication')"}},"Delete_cancel_approval_task":{"runAfter":{"Notify_workflow_initiator_of_the_cancellation":["Succeeded"]},"metadata":{"flowSystemMetadata":{"swaggerOperationId":"DeleteItem"}},"type":"ApiConnection","inputs":{"host":{"connection":{"name":"@parameters('$connections')['shared_sharepointonline']['connectionId']"},"api":{"runtimeUrl":"https://unitedstates-002.azure-apim.net/apim/sharepointonline"}},"method":"delete","path":"/datasets/@{encodeURIComponent(encodeURIComponent(triggerBody()?['ItemSiteUrl']))}/tables/@{encodeURIComponent(encodeURIComponent(triggerBody()?['TasksListName']))}/items/@{encodeURIComponent(triggerBody()?['ID'])}","authentication":"@parameters('$authentication')"}},"For_each_running_approval_instance_-_cancel":{"foreach":"@body('Get_approval_instance_record_-_cancel')?['value']","actions":{"Delete_item_2":{"runAfter":{},"metadata":{"flowSystemMetadata":{"swaggerOperationId":"DeleteItem"}},"type":"ApiConnection","inputs":{"host":{"connection":{"name":"@parameters('$connections')['shared_sharepointonline']['connectionId']"},"api":{"runtimeUrl":"https://unitedstates-002.azure-apim.net/apim/sharepointonline"}},"method":"delete","path":"/datasets/@{encodeURIComponent(encodeURIComponent(triggerBody()?['ApprovalRegistrySiteUrl']))}/tables/@{encodeURIComponent(encodeURIComponent(triggerBody()?['ApprovalInstancesListName']))}/items/@{encodeURIComponent(items('For_each_running_approval_instance_-_cancel')?['ID'])}","authentication":"@parameters('$authentication')"}}},"runAfter":{"Get_approval_instance_record_-_cancel":["Succeeded"]},"type":"Foreach"},"Get_approval_instance_record_-_cancel":{"runAfter":{"Create_approval_history_record_-_canceled":["Succeeded"]},"metadata":{"flowSystemMetadata":{"swaggerOperationId":"GetItems"}},"type":"ApiConnection","inputs":{"host":{"connection":{"name":"@parameters('$connections')['shared_sharepointonline']['connectionId']"},"api":{"runtimeUrl":"https://unitedstates-002.azure-apim.net/apim/sharepointonline"}},"method":"get","path":"/datasets/@{encodeURIComponent(encodeURIComponent(triggerBody()?['ApprovalRegistrySiteUrl']))}/tables/@{encodeURIComponent(encodeURIComponent(triggerBody()?['ApprovalInstancesListName']))}/items","queries":{"$filter":"ApprovalGUID eq '@{triggerBody()?['ApprovalGUID']}'"},"authentication":"@parameters('$authentication')"}},"Create_approval_history_record_-_canceled":{"runAfter":{"Delete_each_outstanding_task":["Succeeded"]},"metadata":{"flowSystemMetadata":{"swaggerOperationId":"PostItem"}},"type":"ApiConnection","inputs":{"host":{"connection":{"name":"@parameters('$connections')['shared_sharepointonline']['connectionId']"},"api":{"runtimeUrl":"https://unitedstates-002.azure-apim.net/apim/sharepointonline"}},"method":"post","body":{"Title":"@variables('itemFileName')","ApprovalGUID":"@{triggerBody()?['ApprovalGUID']}","ItemURL":"@triggerBody()?['Link']","EventDate":"@{utcNow()}","EventType":"Approval canceled","User":{"Claims":"@triggerBody()?['Assignedto']?['Email']"},"Description":"Approval canceled by @{triggerBody()?['Assignedto']?['Email']}.\nComment: @{triggerBody()?['Description']}","Outcome":"Canceled"},"path":"/datasets/@{encodeURIComponent(encodeURIComponent(triggerBody()?['ItemSiteUrl']))}/tables/@{encodeURIComponent(encodeURIComponent(triggerBody()?['HistoryListName']))}/items","authentication":"@parameters('$authentication')"},"description":"NOTE: For \"Cancel approval\" tasks AssignedTo field is being used to store email of the user who initiated the cancellation."},"Notify_workflow_initiator_of_the_cancellation":{"runAfter":{"Revert_approval_outcome_to_previous_state":["Succeeded"]},"metadata":{"flowSystemMetadata":{"swaggerOperationId":"SendEmailV3"}},"type":"ApiConnection","inputs":{"host":{"connection":{"name":"@parameters('$connections')['shared_sendmail']['connectionId']"},"api":{"runtimeUrl":"https://unitedstates-002.azure-apim.net/apim/sendmail"}},"method":"post","body":{"to":"@{variables('initiatorEmail')};","subject":"Approval canceled: @{variables('itemFileName')}","text":"<p>The approval process for @{variables('itemListName')} has been canceled by&nbsp;@{triggerBody()?['Assignedto']?['Email']}<br>\n<br>\nComment: @{triggerBody()?['Description']}</p>","ishtml":true},"path":"/v3/mail/send","authentication":"@parameters('$authentication')"},"description":"NOTE: For \"Cancel approval\" tasks AssignedTo field is being used to store email of the user who initiated the cancellation."}}},"Complete_approval":{"case":"Complete approval","actions":{"Delete_complete_approval_task":{"runAfter":{"For_each_running_approval_instance_-_complete":["Succeeded"]},"metadata":{"flowSystemMetadata":{"swaggerOperationId":"DeleteItem"}},"type":"ApiConnection","inputs":{"host":{"connection":{"name":"@parameters('$connections')['shared_sharepointonline']['connectionId']"},"api":{"runtimeUrl":"https://unitedstates-002.azure-apim.net/apim/sharepointonline"}},"method":"delete","path":"/datasets/@{encodeURIComponent(encodeURIComponent(triggerBody()?['ItemSiteUrl']))}/tables/@{encodeURIComponent(encodeURIComponent(triggerBody()?['TasksListName']))}/items/@{encodeURIComponent(triggerBody()?['ID'])}","authentication":"@parameters('$authentication')"}},"For_each_running_approval_instance_-_complete":{"foreach":"@body('Get_approval_instance_record_-_complete')?['value']","actions":{"Delete_approval_instance_-_complete":{"runAfter":{},"metadata":{"flowSystemMetadata":{"swaggerOperationId":"DeleteItem"}},"type":"ApiConnection","inputs":{"host":{"connection":{"name":"@parameters('$connections')['shared_sharepointonline']['connectionId']"},"api":{"runtimeUrl":"https://unitedstates-002.azure-apim.net/apim/sharepointonline"}},"method":"delete","path":"/datasets/@{encodeURIComponent(encodeURIComponent(triggerBody()?['ApprovalRegistrySiteUrl']))}/tables/@{encodeURIComponent(encodeURIComponent(triggerBody()?['ApprovalInstancesListName']))}/items/@{encodeURIComponent(items('For_each_running_approval_instance_-_complete')?['ID'])}","authentication":"@parameters('$authentication')"}}},"runAfter":{"Get_approval_instance_record_-_complete":["Succeeded"]},"type":"Foreach","description":"This loop should always have 1 element"},"Get_outstanding_active_tasks_for_approval_-_complete":{"runAfter":{},"metadata":{"flowSystemMetadata":{"swaggerOperationId":"GetItems"}},"type":"ApiConnection","inputs":{"host":{"connection":{"name":"@parameters('$connections')['shared_sharepointonline']['connectionId']"},"api":{"runtimeUrl":"https://unitedstates-002.azure-apim.net/apim/sharepointonline"}},"method":"get","path":"/datasets/@{encodeURIComponent(encodeURIComponent(triggerBody()?['ItemSiteUrl']))}/tables/@{encodeURIComponent(encodeURIComponent(triggerBody()?['TasksListName']))}/items","queries":{"$filter":"ApprovalGUID eq '@{triggerBody()?['ApprovalGUID']}' and ID ne @{triggerBody()?['ID']} and Status eq 'Active'"},"authentication":"@parameters('$authentication')"}},"Get_approval_instance_record_-_complete":{"runAfter":{"Delete_each_outstanding_task_-_complete":["Succeeded"]},"metadata":{"flowSystemMetadata":{"swaggerOperationId":"GetItems"}},"type":"ApiConnection","inputs":{"host":{"connection":{"name":"@parameters('$connections')['shared_sharepointonline']['connectionId']"},"api":{"runtimeUrl":"https://unitedstates-002.azure-apim.net/apim/sharepointonline"}},"method":"get","path":"/datasets/@{encodeURIComponent(encodeURIComponent(triggerBody()?['ApprovalRegistrySiteUrl']))}/tables/@{encodeURIComponent(encodeURIComponent(triggerBody()?['ApprovalInstancesListName']))}/items","queries":{"$filter":"ApprovalGUID eq '@{triggerBody()?['ApprovalGUID']}'"},"authentication":"@parameters('$authentication')"}},"Delete_each_outstanding_task_-_complete":{"foreach":"@body('Get_outstanding_active_tasks_for_approval_-_complete')?['value']","actions":{"Delete_task_-_complete":{"runAfter":{},"metadata":{"flowSystemMetadata":{"swaggerOperationId":"DeleteItem"}},"type":"ApiConnection","inputs":{"host":{"connection":{"name":"@parameters('$connections')['shared_sharepointonline']['connectionId']"},"api":{"runtimeUrl":"https://unitedstates-002.azure-apim.net/apim/sharepointonline"}},"method":"delete","path":"/datasets/@{encodeURIComponent(encodeURIComponent(triggerBody()?['ItemSiteUrl']))}/tables/@{encodeURIComponent(encodeURIComponent(triggerBody()?['TasksListName']))}/items/@{encodeURIComponent(items('Delete_each_outstanding_task_-_complete')?['ID'])}","authentication":"@parameters('$authentication')"}}},"runAfter":{"Get_outstanding_active_tasks_for_approval_-_complete":["Succeeded"]},"type":"Foreach"}}}},"default":{"actions":{"Compose_Author":{"runAfter":{},"type":"Compose","inputs":[{"Key":"i:0#.f|membership|@{triggerBody()?['Assignedto']?['Email']}"}]},"Compose":{"runAfter":{"Compose_Author":["Succeeded"]},"type":"Compose","inputs":[{"FieldName":"Author","FieldValue":"@{string(outputs('Compose_Author'))}"},{"FieldName":"Editor","FieldValue":"@{string(outputs('Compose_Author'))}"}]},"Set_Approver_as_task_Author_and_Editor":{"runAfter":{"Compose":["Succeeded"]},"metadata":{"flowSystemMetadata":{"swaggerOperationId":"HttpRequest"}},"type":"ApiConnection","inputs":{"host":{"connection":{"name":"@parameters('$connections')['shared_sharepointonline']['connectionId']"},"api":{"runtimeUrl":"https://unitedstates-002.azure-apim.net/apim/sharepointonline"}},"method":"post","body":{"method":"POST","uri":"_api/web/lists/getbytitle('@{triggerBody()?['TasksListName']}')/items(@{triggerBody()?['ID']})/validateUpdateListItem","body":"{\n\"formValues\": @{outputs('Compose')},\n\"bNewDocumentUpdate\":false\n}"},"path":"/datasets/@{encodeURIComponent(encodeURIComponent(triggerBody()?['ItemSiteUrl']))}/httprequest","authentication":"@parameters('$authentication')"}},"Get_Approval_Registry_record_for_site":{"runAfter":{"Set_Approver_as_task_Author_and_Editor":["Succeeded"]},"metadata":{"flowSystemMetadata":{"swaggerOperationId":"GetItems"}},"type":"ApiConnection","inputs":{"host":{"connection":{"name":"@parameters('$connections')['shared_sharepointonline']['connectionId']"},"api":{"runtimeUrl":"https://unitedstates-002.azure-apim.net/apim/sharepointonline"}},"method":"get","path":"/datasets/@{encodeURIComponent(encodeURIComponent(triggerBody()?['ApprovalRegistrySiteUrl']))}/tables/@{encodeURIComponent(encodeURIComponent(triggerBody()?['ApprovalRegistryListName']))}/items","queries":{"$filter":"SiteUrl eq '@{triggerBody()?['ItemSiteUrl']}'"},"authentication":"@parameters('$authentication')"},"description":"Starting the process of updating Registered Approval participants (if necessary). This action should always return an array with 1 element"},"For_each_retrieved_site":{"foreach":"@body('Get_Approval_Registry_record_for_site')?['value']","actions":{"Check_if_ParticipantFound":{"actions":{},"runAfter":{"For_each_Approver":["Succeeded"]},"else":{"actions":{"Append_AssignedTo_to_ApprovalParticipants":{"runAfter":{},"type":"AppendToArrayVariable","inputs":{"name":"ApprovalParticipants","value":{"Claims":"@{triggerBody()?['Assignedto']?['Email']}"}}},"Compose_JSON_object_out_of_ApprovalParticipants":{"runAfter":{"Append_AssignedTo_to_ApprovalParticipants":["Succeeded"]},"type":"Compose","inputs":"@variables('ApprovalParticipants')"},"Update_Approvers":{"runAfter":{"Compose_JSON_object_out_of_ApprovalParticipants":["Succeeded"]},"metadata":{"flowSystemMetadata":{"swaggerOperationId":"PatchItem"}},"type":"ApiConnection","inputs":{"host":{"connection":{"name":"@parameters('$connections')['shared_sharepointonline']['connectionId']"},"api":{"runtimeUrl":"https://unitedstates-002.azure-apim.net/apim/sharepointonline"}},"method":"patch","body":{"Title":"@variables('SiteRecordTitle')","Approvers":"@outputs('Compose_JSON_object_out_of_ApprovalParticipants')"},"path":"/datasets/@{encodeURIComponent(encodeURIComponent(triggerBody()?['ApprovalRegistrySiteUrl']))}/tables/@{encodeURIComponent(encodeURIComponent(triggerBody()?['ApprovalRegistryListName']))}/items/@{encodeURIComponent(variables('SiteRecordId'))}","authentication":"@parameters('$authentication')"}}}},"expression":{"equals":["@variables('ParticipantFound')","@true"]},"type":"If"},"Set_SiteRecordId":{"runAfter":{},"type":"SetVariable","inputs":{"name":"SiteRecordId","value":"@items('For_each_retrieved_site')?['ID']"}},"For_each_Approver":{"foreach":"@items('For_each_retrieved_site')['Approvers']","actions":{"Condition":{"actions":{"Set_variable":{"runAfter":{},"type":"SetVariable","inputs":{"name":"ParticipantFound","value":"@true"}}},"runAfter":{},"else":{"actions":{"Append_Approver_to_ApprovalParticipants":{"runAfter":{},"type":"AppendToArrayVariable","inputs":{"name":"ApprovalParticipants","value":{"Claims":"@{items('For_each_Approver')?['Email']}"}}}}},"expression":{"equals":["@toLower(items('For_each_Approver')?['Email'])","@toLower(triggerBody()?['Assignedto']?['Email'])"]},"type":"If","description":"Here we check if AssignedTo user is already registered as an approver. Until we find a match, we are compiling a list of existing approvers. If no match found, we set the array of approvers to what it was + new approver."}},"runAfter":{"Set_SiteRecordTitle":["Succeeded"]},"type":"Foreach"},"Set_SiteRecordTitle":{"runAfter":{"Set_SiteRecordId":["Succeeded"]},"type":"SetVariable","inputs":{"name":"SiteRecordTitle","value":"@items('For_each_retrieved_site')?['Title']"}}},"runAfter":{"Get_Approval_Registry_record_for_site":["Succeeded"]},"type":"Foreach","description":"This array should always contain 1 element"},"Switch":{"runAfter":{"For_each_retrieved_site":["Succeeded"]},"cases":{"Update_item":{"case":"Update item","actions":{"Send_notification_-_update_item":{"runAfter":{},"metadata":{"flowSystemMetadata":{"swaggerOperationId":"SendEmailV3"}},"type":"ApiConnection","inputs":{"host":{"connection":{"name":"@parameters('$connections')['shared_sendmail']['connectionId']"},"api":{"runtimeUrl":"https://unitedstates-002.azure-apim.net/apim/sendmail"}},"method":"post","body":{"to":"@{triggerBody()?['Assignedto']?['Email']};","subject":"Updates have been requested for @{triggerBody()?['ItemFileName']}","text":"<p>\n @{triggerBody()?['ResponseProvidedBy']?['DisplayName']} (@{triggerBody()?['ResponseProvidedBy']?['Email']}) requested changes for file '@{triggerBody()?['ItemFileName']}'<br><br>\n<strong>Comment: </strong> @{triggerBody()?['Description']}<br>\n</em><br>\nPlease complete the work, then navigate to the <a href=\"@{triggerBody()?['TaskUrl']}\">task</a> and submit it to move the process forward.<br>\n<br>\nYou can also access the Approval application's main menu by clicking <a href=\"https://apps.powerapps.com/play/@{variables('ApprovalsAppID')}\">here</a> .</p>","ishtml":true},"path":"/v3/mail/send","authentication":"@parameters('$authentication')"}}}},"Approval":{"case":"Approval","actions":{"Send_notification_-_approval":{"runAfter":{},"metadata":{"flowSystemMetadata":{"swaggerOperationId":"SendEmailV3"}},"type":"ApiConnection","inputs":{"host":{"connection":{"name":"@parameters('$connections')['shared_sendmail']['connectionId']"},"api":{"runtimeUrl":"https://unitedstates-002.azure-apim.net/apim/sendmail"}},"method":"post","body":{"to":"@{triggerBody()?['Assignedto']?['Email']};","subject":"Your approval is requested for @{triggerBody()?['ItemFileName']}","text":"<p>@{triggerBody()?['Requestedby']?['DisplayName']} has requested your approval for the following document: @{triggerBody()?['ItemFileName']}<br>\n<br>\n<strong>Requester's comment: </strong>\n@{triggerBody()?['Description']}\n<br>\n</em><br>\nPlease navigate to the <a href=\"@{triggerBody()?['TaskUrl']}\">approval task</a> to provide response.<br>\n<br>\nYou can also access the Approval application's main menu by clicking <a href=\"https://apps.powerapps.com/play/@{variables('ApprovalsAppID')}\">here</a> .</p>\n</p>","ishtml":true},"path":"/v3/mail/send","authentication":"@parameters('$authentication')"}}}}},"default":{"actions":{}},"expression":"@triggerBody()?['TaskType']?['Value']","type":"Switch"}}},"expression":"@triggerBody()?['TaskType']?['Value']","type":"Switch"},"Initialize_initiatorEmail":{"runAfter":{"Initialize_itemID":["Succeeded"]},"type":"InitializeVariable","inputs":{"variables":[{"name":"initiatorEmail","type":"string"}]}},"CONFIG_-_Initialize_ApprovalsAppID":{"runAfter":{},"type":"InitializeVariable","inputs":{"variables":[{"name":"ApprovalsAppID","type":"string","value":"db31bef1-6a9d-4c19-96fb-e4dbd64edffc"}]}}},"description":"Send yourself or someone else a customized email whenever a new item is added to a selected SharePoint list."},"connectionReferences":{"shared_sharepointonline":{"connectionName":"d6c2b895702e41a5a0c802206adbee30","source":"Embedded","id":"/providers/Microsoft.PowerApps/apis/shared_sharepointonline","tier":"NotSpecified"},"shared_sendmail":{"connectionName":"shared-sendmail-dabdb1a6-d0ff-4544-801c-37562db81fec","source":"Embedded","id":"/providers/Microsoft.PowerApps/apis/shared_sendmail","tier":"NotSpecified"}},"flowFailureAlertSubscribed":false}}