{"name":"fb6c38b5-65ae-44ee-8fb9-8e4d376aebd0","id":"/providers/Microsoft.Flow/flows/fb6c38b5-65ae-44ee-8fb9-8e4d376aebd0","type":"Microsoft.Flow/flows","properties":{"apiId":"/providers/Microsoft.PowerApps/apis/shared_logicflows","displayName":"CreateWorkflowHistory","definition":{"metadata":{"workflowEntityId":null,"flowclientsuspensionreason":"None","flowclientsuspensiontime":null,"creator":{"id":"fa7a98c1-01c6-4c74-862b-8b8d74f3f69f","type":"User","tenantId":"e527578c-fe4b-4912-8026-8f4839008f9d"},"provisioningMethod":"FromDefinition","failureAlertSubscription":true,"clientLastModifiedTime":"2020-09-10T18:41:29.1414254Z"},"$schema":"https://schema.management.azure.com/providers/Microsoft.Logic/schemas/2016-06-01/workflowdefinition.json#","contentVersion":"1.0.0.0","parameters":{"$connections":{"defaultValue":{},"type":"Object"},"$authentication":{"defaultValue":{},"type":"SecureObject"}},"triggers":{"manual":{"type":"Request","kind":"Button","inputs":{"schema":{"type":"object","properties":{},"required":[]}}}},"actions":{"createSPList-definition":{"runAfter":{},"type":"Compose","inputs":{"verb":"createSPList","listName":"WorkflowHistory","templateType":100,"subactions":[{"verb":"setTitle","title":"WorkflowHistory"},{"verb":"setDescription","description":"Contains all approval information for Power automate 2010 flows"},{"verb":"addSPField","fieldType":"Text","displayName":"Status","isRequired":false,"id":"c532fcb9-cdb3-45c6-8247-c784dcd58e1a","internalName":"Status","addToDefaultView":true},{"verb":"addSPField","fieldType":"Text","displayName":"ApprovalType","isRequired":false,"id":"c532fcb9-cdb3-45c6-8247-c784dcd58e1b","internalName":"ApprovalType","addToDefaultView":true},{"verb":"addSPField","fieldType":"Text","displayName":"WKGUID","isRequired":false,"id":"c532fcb9-cdb3-45c6-8247-c784dcd58e1d","internalName":"WKGUID","addToDefaultView":true},{"verb":"addSPField","fieldType":"Note","displayName":"Description","isRequired":false,"id":"c532fcb9-cdb3-45c6-8247-c784dcd58e1e","internalName":"Description","addToDefaultView":true},{"verb":"addSPField","fieldType":"Text","displayName":"Approvers","isRequired":false,"id":"c532fcb9-cdb3-45c6-8247-c784dcd58e1f","internalName":"Approvers","addToDefaultView":true},{"verb":"addSPFieldXml","schemaXml":"<Field Type=\"URL\" DisplayName=\"ItemUrl\" Required=\"FALSE\" Format=\"Hyperlink\" StaticName=\"ItemUrl\" Name=\"ItemUrl\" Viewable=\"TRUE\"></Field>"},{"verb":"addSPField","fieldType":"Number","displayName":"ApproverCount","isRequired":false,"internalName":"ApproverCount","addToDefaultView":true},{"verb":"addSPField","fieldType":"Note","displayName":"ApproversResponses","isRequired":false,"internalName":"ApproversResponses","addToDefaultView":true}]}},"actionDefinition":{"runAfter":{"createSPList-definition":["Succeeded"]},"type":"Compose","inputs":{"actionDefinition":"@{string(outputs('createSPList-definition'))}"}},"Send_an_HTTP_request_to_SharePoint":{"runAfter":{"actionDefinition":["Succeeded"]},"type":"OpenApiConnection","inputs":{"host":{"apiId":"/providers/Microsoft.PowerApps/apis/shared_sharepointonline","connectionName":"shared_sharepointonline","operationId":"HttpRequest"},"parameters":{"dataset":"https://m365x490015.sharepoint.com/sites/PowerPlatformTestSharePointTeamSite","parameters/method":"POST","parameters/uri":"_api/Microsoft.Sharepoint.Utilities.WebTemplateExtensions.SiteScriptUtility.ExecuteSiteScriptAction()","parameters/headers":{"accept":"application/json; odata.metadata=minimal","content-type":"application/json;charset=utf-8"},"parameters/body":"@outputs('actionDefinition')"},"authentication":{"value":"@json(decodeBase64(triggerOutputs().headers['X-MS-APIM-Tokens']))['$ConnectionKey']","type":"Raw"}}}}},"connectionReferences":{"shared_sharepointonline":{"connectionName":"062df372cb03414fb7992c867af1be74","source":"Invoker","id":"/providers/Microsoft.PowerApps/apis/shared_sharepointonline","tier":"NotSpecified"}},"flowFailureAlertSubscribed":false}}