{"name":"1c2108e4-d63b-450f-8c97-62a66b7a4e06","id":"/providers/Microsoft.Flow/flows/1c2108e4-d63b-450f-8c97-62a66b7a4e06","type":"Microsoft.Flow/flows","properties":{"apiId":"/providers/Microsoft.PowerApps/apis/shared_logicflows","displayName":"Approval get approval task by id","definition":{"metadata":{"workflowEntityId":null,"flowclientsuspensionreason":"None","flowclientsuspensiontime":null,"creator":{"id":"ac1a4c9a-07f7-4d31-b198-9a6da5a03841","type":"User","tenantId":"ba146a51-d053-4032-9abe-e5ea99b42255"},"provisioningMethod":"FromDefinition","failureAlertSubscription":true,"clientLastModifiedTime":"2020-09-23T22:15:20.3418402Z"},"$schema":"https://schema.management.azure.com/providers/Microsoft.Logic/schemas/2016-06-01/workflowdefinition.json#","contentVersion":"1.0.0.0","parameters":{"$connections":{"defaultValue":{},"type":"Object"},"$authentication":{"defaultValue":{},"type":"SecureObject"}},"triggers":{"manual":{"type":"Request","kind":"PowerApp","inputs":{"schema":{"type":"object","properties":{"InitializeSiteUrl_Value":{"type":"string","description":"Enter initial value","x-ms-powerflows-param-ispartial":false},"InitializeListName_Value":{"type":"string","description":"Enter initial value","x-ms-powerflows-param-ispartial":false},"InitializeTaskId_Value":{"type":"integer","description":"Enter initial value","x-ms-powerflows-param-ispartial":false}},"required":["InitializeSiteUrl_Value","InitializeListName_Value","InitializeTaskId_Value"]}}}},"actions":{"Initialize_SiteUrl":{"runAfter":{},"type":"InitializeVariable","inputs":{"variables":[{"name":"SiteUrl","type":"string","value":"@{triggerBody()['InitializeSiteUrl_Value']}"}]}},"Initialize_ListName":{"runAfter":{"Initialize_SiteUrl":["Succeeded"]},"type":"InitializeVariable","inputs":{"variables":[{"name":"ListName","type":"string","value":"@{triggerBody()['InitializeListName_Value']}"}]}},"Initialize_TaskId":{"runAfter":{"Initialize_ListName":["Succeeded"]},"type":"InitializeVariable","inputs":{"variables":[{"name":"TaskId","type":"integer","value":"@triggerBody()['InitializeTaskId_Value']"}]}},"Get_task":{"runAfter":{"Initialize_Result":["Succeeded"]},"type":"OpenApiConnection","inputs":{"host":{"apiId":"/providers/Microsoft.PowerApps/apis/shared_sharepointonline","connectionName":"shared_sharepointonline","operationId":"GetItem"},"parameters":{"dataset":"@variables('SiteUrl')","table":"@replace(variables('ListName'),'+','%20')","id":"@variables('TaskId')"},"authentication":{"value":"@json(decodeBase64(triggerOutputs().headers['X-MS-APIM-Tokens']))['$ConnectionKey']","type":"Raw"}}},"Initialize_Result":{"runAfter":{"Initialize_TaskId":["Succeeded"]},"type":"InitializeVariable","inputs":{"variables":[{"name":"Result","type":"string"}]}},"Set_Result":{"runAfter":{"Get_task":["Succeeded"]},"type":"SetVariable","inputs":{"name":"Result","value":"@{body('Get_task')?['ID']}%%%@{body('Get_task')?['Title']}%%%@{body('Get_task')?['Description']}%%%@{body('Get_task')?['ApprovalGUID']}%%%@{body('Get_task')?['Link']}%%%@{body('Get_task')?['ItemFileName']}%%%@{body('Get_task')?['ItemListName']}%%%@{body('Get_task')?['ItemID']}%%%@{body('Get_task')?['Requestedby/Email']}%%%@{body('Get_task')?['Assignedto/Email']}%%%@{body('Get_task')?['ItemSiteUrl']}%%%@{body('Get_task')?['ItemListUrl']}%%%@{body('Get_task')?['TasksListName']}%%%@{body('Get_task')?['HistoryListName']}%%%@{body('Get_task')?['ApprovalRegistrySiteUrl']}%%%@{body('Get_task')?['ApprovalRegistryListName']}%%%@{body('Get_task')?['ApprovalInstancesListName']}%%%@{body('Get_task')?['TaskType/Value']}"}},"Set_Result_-_Not_found":{"runAfter":{"Get_task":["Failed"]},"type":"SetVariable","inputs":{"name":"Result","value":"Not found"}},"Respond_to_a_PowerApp_or_flow":{"runAfter":{"Set_Result":["Succeeded"]},"type":"Response","kind":"PowerApp","inputs":{"statusCode":200,"body":{"text":"@variables('Result')"},"schema":{"type":"object","properties":{"text":{"title":"Text","x-ms-dynamically-added":true,"type":"string"}}}}},"Respond_to_a_PowerApp_or_flow_2":{"runAfter":{"Set_Result_-_Not_found":["Succeeded"]},"type":"Response","kind":"PowerApp","inputs":{"statusCode":200,"body":{"text":"@variables('Result')"},"schema":{"type":"object","properties":{"text":{"title":"Text","x-ms-dynamically-added":true,"type":"string"}}}}}},"outputs":{},"description":"Create one or more actions to happen when a button or link in PowerApps is selected. To use this flow from a PowerApp, select the control you want to trigger the flow and go to the Action tab in the PowerApps ribbon and select Flows."},"connectionReferences":{"shared_sharepointonline":{"connectionName":"shared-sharepointonl-5dbb9fec-221a-4be3-b1e6-8be089b29ae2","source":"Invoker","id":"/providers/Microsoft.PowerApps/apis/shared_sharepointonline","tier":"NotSpecified"}},"flowFailureAlertSubscribed":false}}