{"name":"d85fe128-d31e-42c9-9b52-c64041e00ae6","id":"/providers/Microsoft.Flow/flows/d85fe128-d31e-42c9-9b52-c64041e00ae6","type":"Microsoft.Flow/flows","properties":{"apiId":"/providers/Microsoft.PowerApps/apis/shared_logicflows","displayName":"2010ApprovalFlowTask","definition":{"metadata":{"workflowEntityId":null,"flowclientsuspensionreason":"None","flowclientsuspensiontime":null,"creator":{"id":"e000f62d-c051-4ebb-9056-89ebc7362849","type":"User","tenantId":"0a5fc066-fe53-4a00-a738-5a4eec55ceef"},"provisioningMethod":"FromDefinition","failureAlertSubscription":true,"clientLastModifiedTime":"2020-09-21T16:10:23.2071403Z"},"$schema":"https://schema.management.azure.com/providers/Microsoft.Logic/schemas/2016-06-01/workflowdefinition.json#","contentVersion":"1.0.0.0","parameters":{"$connections":{"defaultValue":{},"type":"Object"},"$authentication":{"defaultValue":{},"type":"SecureObject"}},"triggers":{"manual":{"splitOn":"@triggerBody()['rows']","type":"Request","kind":"ApiConnection","inputs":{"schema":{"type":"object","properties":{"rows":{"type":"array","items":{"type":"object","properties":{"text":{"title":"Input","type":"string","x-ms-dynamically-added":true,"description":"Please select an approval type","x-ms-content-hint":"TEXT","enum":["Parallel","Serial","Collect Feedback","Collect Signatures"]},"email":{"title":"EmailAddress","type":"string","format":"email","x-ms-dynamically-added":true,"description":"Please enter an e-mail address(es)","x-ms-content-hint":"EMAIL"},"text_1":{"title":"Description","type":"string","x-ms-dynamically-added":true,"description":"Please enter a description","x-ms-content-hint":"TEXT"},"entity":{"type":"object","properties":{"fileName":{"title":"fileName","type":"string"},"ID":{"title":"ID","type":"integer","format":"int64"}},"required":["fileName","ID"]}},"required":["text","email","text_1","entity"]}}},"required":["rows"]},"host":{"connection":{"name":"@parameters('$connections')['shared_sharepointonline']['connectionId']"},"api":{"runtimeUrl":"https://flow-apim-msmanaged-na-westus2-01.azure-apim.net/apim/sharepointonline"}},"operationId":"ForASelectedFileHybridTrigger","parameters":{"dataset":"https://sharepointlady.sharepoint.com/sites/2010Approvals","table":"da03125c-662e-48e7-8222-895695015ae6"}}}},"actions":{"InitializeApproverEmail":{"runAfter":{"InitializePowerAppURL":["Succeeded"]},"type":"InitializeVariable","inputs":{"variables":[{"name":"varEmailApprovers","type":"string","value":"@triggerBody()['email']"}]}},"ApprovalTypeCase":{"runAfter":{"varNextCounter":["Succeeded"]},"cases":{"ParallelApproval":{"case":"Parallel","actions":{"CreateWorkFlowHistoryParallel":{"runAfter":{},"type":"OpenApiConnection","inputs":{"host":{"apiId":"/providers/Microsoft.PowerApps/apis/shared_sharepointonline","connectionName":"shared_sharepointonline","operationId":"PostItem"},"parameters":{"dataset":"https://sharepointlady.sharepoint.com/sites/2010Approvals","table":"d6192543-25ee-47af-81ec-fb3d2b6feab4","item/Title":"@triggerBody()?['entity']?['fileName']","item/Status":"In Progress","item/ApprovalType":"@triggerBody()['text']","item/WKGUID":"@outputs('CreateGUID')","item/Description":"@triggerBody()['text_1']","item/Approvers":"@variables('varEmailApprovers')","item/ItemURL":"@replace(body('Get_file_properties')?['{Link}'],' ','%20')","item/ApproverCount":"@outputs('CountEmailAddress')"},"authentication":{"value":"@json(decodeBase64(triggerOutputs().headers['X-MS-APIM-Tokens']))['$ConnectionKey']","type":"Raw"}}},"Do_until":{"actions":{"GetEmails":{"runAfter":{},"type":"Compose","inputs":"@split(variables('varEmailApprovers'),';')?[variables('varCountIncrease')]"},"CreateWorkFlowTaskParallel":{"runAfter":{"GetEmails":["Succeeded"]},"type":"OpenApiConnection","inputs":{"host":{"apiId":"/providers/Microsoft.PowerApps/apis/shared_sharepointonline","connectionName":"shared_sharepointonline","operationId":"PostItem"},"parameters":{"dataset":"https://sharepointlady.sharepoint.com/sites/2010Approvals","table":"7aefc0d6-8a06-4353-8f1b-e24c84c0e359","item/Title":"@outputs('CreateWorkFlowHistoryParallel')?['body/Title']","item/WorkflowType":"@triggerBody()['text']","item/MasterID":"@outputs('CreateWorkFlowHistoryParallel')?['body/WKGUID']","item/Approver":"@outputs('GetEmails')","item/ApprovalStatus":"In Progress","item/Description":"@triggerBody()['text_1']","item/AssignedTo/Claims":"@outputs('GetEmails')","item/ItemURL":"@replace(body('Get_file_properties')?['{Link}'],' ','%20')"},"authentication":{"value":"@json(decodeBase64(triggerOutputs().headers['X-MS-APIM-Tokens']))['$ConnectionKey']","type":"Raw"}}},"SetvarCountIncrease":{"runAfter":{"SendParallelTaskEmail":["Succeeded"]},"type":"SetVariable","inputs":{"name":"varCountIncrease","value":"@add(variables('varNextCounter'),1)"}},"SetvarNextCounter":{"runAfter":{"SetvarCountIncrease":["Succeeded"]},"type":"SetVariable","inputs":{"name":"varNextCounter","value":"@variables('varCountIncrease')"}},"SendParallelTaskEmail":{"runAfter":{"CreateWorkFlowTaskParallel":["Succeeded"]},"type":"OpenApiConnection","inputs":{"host":{"apiId":"/providers/Microsoft.PowerApps/apis/shared_office365","connectionName":"shared_office365_1","operationId":"SendEmailV2"},"parameters":{"emailMessage/To":"@outputs('CreateWorkFlowTaskParallel')?['body/AssignedTo/Email']","emailMessage/Subject":"Please Review the following item - @{outputs('CreateWorkFlowTaskParallel')?['body/Title']}","emailMessage/Body":"<p>Please review the following item. Click the link below to leave your comments and/or approve/reject the item.<br>\n<br>\n</p>\n<a href =\"@{variables('varAppURL')}?ID=@{outputs('CreateWorkFlowTaskParallel')?['body/ID']}&WFType=@{outputs('CreateWorkFlowTaskParallel')?['body/WorkflowType']}\">Click Here</a>"},"authentication":{"value":"@json(decodeBase64(triggerOutputs().headers['X-MS-APIM-Tokens']))['$ConnectionKey']","type":"Raw"}}}},"runAfter":{"CreateWorkFlowHistoryParallel":["Succeeded"]},"expression":"@equals(variables('varCountIncrease'), variables('varCount'))","limit":{"count":60,"timeout":"PT1H"},"type":"Until"}}},"SerialApproval":{"case":"Serial","actions":{"CreateWorkFlowHistorySerial":{"runAfter":{},"type":"OpenApiConnection","inputs":{"host":{"apiId":"/providers/Microsoft.PowerApps/apis/shared_sharepointonline","connectionName":"shared_sharepointonline","operationId":"PostItem"},"parameters":{"dataset":"https://sharepointlady.sharepoint.com/sites/2010Approvals","table":"d6192543-25ee-47af-81ec-fb3d2b6feab4","item/Title":"@triggerBody()?['entity']?['fileName']","item/Status":"In Progress","item/ApprovalType":"@triggerBody()['text']","item/WKGUID":"@outputs('CreateGUID')","item/Description":"@triggerBody()['text_1']","item/Approvers":"@variables('varEmailApprovers')","item/ItemURL":"@replace(body('Get_file_properties')?['{Link}'],' ','%20')","item/ApproverCount":"@outputs('CountEmailAddress')"},"authentication":{"value":"@json(decodeBase64(triggerOutputs().headers['X-MS-APIM-Tokens']))['$ConnectionKey']","type":"Raw"}}},"Do_until_Serial":{"actions":{"ComposeEmailAddress":{"runAfter":{},"type":"Compose","inputs":"@split(variables('varEmailApprovers'),';')?[variables('varCountIncrease')]"},"CreateWorkFlowTaskSerial":{"runAfter":{"ComposeEmailAddress":["Succeeded"]},"type":"OpenApiConnection","inputs":{"host":{"apiId":"/providers/Microsoft.PowerApps/apis/shared_sharepointonline","connectionName":"shared_sharepointonline","operationId":"PostItem"},"parameters":{"dataset":"https://sharepointlady.sharepoint.com/sites/2010Approvals","table":"7aefc0d6-8a06-4353-8f1b-e24c84c0e359","item/Title":"@outputs('CreateWorkFlowHistorySerial')?['body/Title']","item/WorkflowType":"@triggerBody()['text']","item/MasterID":"@outputs('CreateWorkFlowHistorySerial')?['body/WKGUID']","item/Approver":"@outputs('ComposeEmailAddress')","item/ApprovalStatus":"In Progress","item/Description":"@outputs('CreateWorkFlowHistorySerial')?['body/Description']","item/AssignedTo/Claims":"@outputs('ComposeEmailAddress')","item/ItemURL":"@replace(body('Get_file_properties')?['{Link}'],' ','%20')","item/SerialNo":"@variables('varCountIncrease')","item/SerialStatus":"Deactive"},"authentication":{"value":"@json(decodeBase64(triggerOutputs().headers['X-MS-APIM-Tokens']))['$ConnectionKey']","type":"Raw"}}},"SetvarIncreaseCount":{"runAfter":{"SendSerialTaskEmail":["Succeeded"]},"type":"SetVariable","inputs":{"name":"varCountIncrease","value":"@add(variables('varNextCounter'),1)"}},"SetvarCounterNext":{"runAfter":{"SetvarIncreaseCount":["Succeeded"]},"type":"SetVariable","inputs":{"name":"varNextCounter","value":"@variables('varCountIncrease')"}},"SendSerialTaskEmail":{"runAfter":{"CreateWorkFlowTaskSerial":["Succeeded"]},"type":"OpenApiConnection","inputs":{"host":{"apiId":"/providers/Microsoft.PowerApps/apis/shared_office365","connectionName":"shared_office365_1","operationId":"SendEmailV2"},"parameters":{"emailMessage/To":"@outputs('CreateWorkFlowTaskSerial')?['body/AssignedTo/Email']","emailMessage/Subject":"Please Review the following item - @{outputs('CreateWorkFlowTaskSerial')?['body/Title']}","emailMessage/Body":"<p>Please review the following item. Click the link below to leave your comments and/or approve/reject the item.<br>\n<br>\n</p>\n<a href =\"@{variables('varAppURL')}?ID=@{outputs('CreateWorkFlowTaskSerial')?['body/ID']}&WFType=@{outputs('CreateWorkFlowTaskSerial')?['body/WorkflowType']}\">Click Here</a>"},"authentication":{"value":"@json(decodeBase64(triggerOutputs().headers['X-MS-APIM-Tokens']))['$ConnectionKey']","type":"Raw"}}}},"runAfter":{"CreateWorkFlowHistorySerial":["Succeeded"]},"expression":"@equals(variables('varCountIncrease'), variables('varCount'))","limit":{"count":60,"timeout":"PT1H"},"type":"Until"},"Get_items":{"runAfter":{"Do_until_Serial":["Succeeded"]},"type":"OpenApiConnection","inputs":{"host":{"apiId":"/providers/Microsoft.PowerApps/apis/shared_sharepointonline","connectionName":"shared_sharepointonline","operationId":"GetItems"},"parameters":{"dataset":"https://sharepointlady.sharepoint.com/sites/2010Approvals","table":"7aefc0d6-8a06-4353-8f1b-e24c84c0e359","$filter":"(MasterID eq '@{outputs('CreateWorkFlowTaskSerial')?['body/MasterID']}') and (SerialNo eq 0)"},"authentication":{"value":"@json(decodeBase64(triggerOutputs().headers['X-MS-APIM-Tokens']))['$ConnectionKey']","type":"Raw"}}},"Apply_to_each":{"foreach":"@outputs('Get_items')?['body/value']","actions":{"Update_item":{"runAfter":{},"type":"OpenApiConnection","inputs":{"host":{"apiId":"/providers/Microsoft.PowerApps/apis/shared_sharepointonline","connectionName":"shared_sharepointonline","operationId":"PatchItem"},"parameters":{"dataset":"https://sharepointlady.sharepoint.com/sites/2010Approvals","table":"7aefc0d6-8a06-4353-8f1b-e24c84c0e359","id":"@items('Apply_to_each')?['ID']","item/Title":"@items('Apply_to_each')?['Title']","item/SerialStatus":"Active"},"authentication":{"value":"@json(decodeBase64(triggerOutputs().headers['X-MS-APIM-Tokens']))['$ConnectionKey']","type":"Raw"}}}},"runAfter":{"Get_items":["Succeeded"]},"type":"Foreach"}}},"CollectFeedback":{"case":"Collect Feedback","actions":{"CreateWorkFlowHistoryCollectFeedback":{"runAfter":{},"type":"OpenApiConnection","inputs":{"host":{"apiId":"/providers/Microsoft.PowerApps/apis/shared_sharepointonline","connectionName":"shared_sharepointonline","operationId":"PostItem"},"parameters":{"dataset":"https://sharepointlady.sharepoint.com/sites/2010Approvals","table":"d6192543-25ee-47af-81ec-fb3d2b6feab4","item/Title":"@triggerBody()?['entity']?['fileName']","item/Status":"In Progress","item/ApprovalType":"@triggerBody()['text']","item/WKGUID":"@outputs('CreateGUID')","item/Description":"@triggerBody()['text_1']","item/Approvers":"@variables('varEmailApprovers')","item/ItemURL":"@replace(body('Get_file_properties')?['{Link}'],' ','%20')","item/ApproverCount":"@outputs('CountEmailAddress')"},"authentication":{"value":"@json(decodeBase64(triggerOutputs().headers['X-MS-APIM-Tokens']))['$ConnectionKey']","type":"Raw"}}},"Do_until_Feedback":{"actions":{"GetFeedback":{"runAfter":{},"type":"Compose","inputs":"@split(variables('varEmailApprovers'),';')?[variables('varCountIncrease')]"},"CreateWorkflowTaskFeedback":{"runAfter":{"GetFeedback":["Succeeded"]},"type":"OpenApiConnection","inputs":{"host":{"apiId":"/providers/Microsoft.PowerApps/apis/shared_sharepointonline","connectionName":"shared_sharepointonline","operationId":"PostItem"},"parameters":{"dataset":"https://sharepointlady.sharepoint.com/sites/2010Approvals","table":"7aefc0d6-8a06-4353-8f1b-e24c84c0e359","item/Title":"@outputs('CreateWorkFlowHistoryCollectFeedback')?['body/Title']","item/WorkflowType":"@triggerBody()['text']","item/MasterID":"@outputs('CreateWorkFlowHistoryCollectFeedback')?['body/WKGUID']","item/Approver":"@outputs('GetFeedback')","item/ApprovalStatus":"In Progress","item/Description":"@outputs('CreateWorkFlowHistoryCollectFeedback')?['body/Description']","item/AssignedTo/Claims":"@outputs('GetFeedback')","item/ItemURL":"@replace(body('Get_file_properties')?['{Link}'],' ','%20')"},"authentication":{"value":"@json(decodeBase64(triggerOutputs().headers['X-MS-APIM-Tokens']))['$ConnectionKey']","type":"Raw"}}},"IncreaseCountIncrease":{"runAfter":{"SendCollectFeedbackEmail":["Succeeded"]},"type":"SetVariable","inputs":{"name":"varCountIncrease","value":"@add(variables('varNextCounter'),1)"}},"IncreaseVarNextCounter":{"runAfter":{"IncreaseCountIncrease":["Succeeded"]},"type":"SetVariable","inputs":{"name":"varNextCounter","value":"@variables('varCountIncrease')"}},"SendCollectFeedbackEmail":{"runAfter":{"CreateWorkflowTaskFeedback":["Succeeded"]},"type":"OpenApiConnection","inputs":{"host":{"apiId":"/providers/Microsoft.PowerApps/apis/shared_office365","connectionName":"shared_office365_1","operationId":"SendEmailV2"},"parameters":{"emailMessage/To":"@outputs('CreateWorkflowTaskFeedback')?['body/AssignedTo/Email']","emailMessage/Subject":"Please Review the following item - @{outputs('CreateWorkflowTaskFeedback')?['body/Title']}","emailMessage/Body":"<p>Please review the following item. Click the link below to leave your comments and/or approve/reject the item.<br>\n<br>\n</p>\n<a href =\"@{variables('varAppURL')}?ID=@{outputs('CreateWorkflowTaskFeedback')?['body/ID']}&WFType=@{outputs('CreateWorkflowTaskFeedback')?['body/WorkflowType']}\">Click Here</a>"},"authentication":{"value":"@json(decodeBase64(triggerOutputs().headers['X-MS-APIM-Tokens']))['$ConnectionKey']","type":"Raw"}}}},"runAfter":{"CreateWorkFlowHistoryCollectFeedback":["Succeeded"]},"expression":"@equals(variables('varCountIncrease'), variables('varCount'))","limit":{"count":60,"timeout":"PT1H"},"type":"Until"}}},"CollectSignature":{"case":"Collect Signatures","actions":{"CreateWorkFlowHistoryCollectSignature":{"runAfter":{},"type":"OpenApiConnection","inputs":{"host":{"apiId":"/providers/Microsoft.PowerApps/apis/shared_sharepointonline","connectionName":"shared_sharepointonline","operationId":"PostItem"},"parameters":{"dataset":"https://sharepointlady.sharepoint.com/sites/2010Approvals","table":"d6192543-25ee-47af-81ec-fb3d2b6feab4","item/Title":"@triggerBody()?['entity']?['fileName']","item/Status":"In Progress","item/ApprovalType":"@triggerBody()['text']","item/WKGUID":"@outputs('CreateGUID')","item/Description":"@triggerBody()['text_1']","item/Approvers":"@variables('varEmailApprovers')","item/ItemURL":"@replace(body('Get_file_properties')?['{Link}'],' ','%20')","item/ApproverCount":"@outputs('CountEmailAddress')"},"authentication":{"value":"@json(decodeBase64(triggerOutputs().headers['X-MS-APIM-Tokens']))['$ConnectionKey']","type":"Raw"}}},"Do_until_Signature":{"actions":{"GetSignature":{"runAfter":{},"type":"Compose","inputs":"@split(variables('varEmailApprovers'), ';')?[variables('varCountIncrease')]"},"CreateWorkflowTaskSignature":{"runAfter":{"GetSignature":["Succeeded"]},"type":"OpenApiConnection","inputs":{"host":{"apiId":"/providers/Microsoft.PowerApps/apis/shared_sharepointonline","connectionName":"shared_sharepointonline","operationId":"PostItem"},"parameters":{"dataset":"https://sharepointlady.sharepoint.com/sites/2010Approvals","table":"7aefc0d6-8a06-4353-8f1b-e24c84c0e359","item/Title":"@outputs('CreateWorkFlowHistoryCollectSignature')?['body/Title']","item/WorkflowType":"@triggerBody()['text']","item/MasterID":"@outputs('CreateWorkFlowHistoryCollectSignature')?['body/WKGUID']","item/Approver":"@outputs('GetSignature')","item/ApprovalStatus":"In Progress","item/Description":"@outputs('CreateWorkFlowHistoryCollectSignature')?['body/Description']","item/AssignedTo/Claims":"@outputs('GetSignature')","item/ItemURL":"@replace(body('Get_file_properties')?['{Link}'], ' ', '%20')"},"authentication":{"value":"@json(decodeBase64(triggerOutputs().headers['X-MS-APIM-Tokens']))['$ConnectionKey']","type":"Raw"}}},"IncreaseCountIncrease_2":{"runAfter":{"SendCollectSignatureEmail":["Succeeded"]},"type":"SetVariable","inputs":{"name":"varCountIncrease","value":"@add(variables('varNextCounter'), 1)"}},"IncreaseVarNextCounter_2":{"runAfter":{"IncreaseCountIncrease_2":["Succeeded"]},"type":"SetVariable","inputs":{"name":"varNextCounter","value":"@variables('varCountIncrease')"}},"SendCollectSignatureEmail":{"runAfter":{"CreateWorkflowTaskSignature":["Succeeded"]},"type":"OpenApiConnection","inputs":{"host":{"apiId":"/providers/Microsoft.PowerApps/apis/shared_office365","connectionName":"shared_office365_1","operationId":"SendEmailV2"},"parameters":{"emailMessage/To":"@outputs('CreateWorkflowTaskSignature')?['body/AssignedTo/Email']","emailMessage/Subject":"Please Review the following item - @{outputs('CreateWorkflowTaskSignature')?['body/Title']}","emailMessage/Body":"<p>Please review the following item. Click the link below to leave your comments and/or approve/reject the item.<br>\n<br>\n</p>\n<a href =\"@{variables('varAppURL')}?ID=@{outputs('CreateWorkflowTaskSignature')?['body/ID']}&WFType=@{outputs('CreateWorkflowTaskSignature')?['body/WorkflowType']}\">Click Here</a>"},"authentication":{"value":"@json(decodeBase64(triggerOutputs().headers['X-MS-APIM-Tokens']))['$ConnectionKey']","type":"Raw"}}}},"runAfter":{"CreateWorkFlowHistoryCollectSignature":["Succeeded"]},"expression":"@equals(variables('varCountIncrease'), variables('varCount'))","limit":{"count":60,"timeout":"PT1H"},"type":"Until"}}}},"default":{"actions":{}},"expression":"@triggerBody()['text']","type":"Switch"},"CreateGUID":{"runAfter":{"InitializeApproverEmail":["Succeeded"]},"type":"Compose","inputs":"@guid()"},"InitializeEmailCount":{"runAfter":{"varCount":["Succeeded"]},"type":"InitializeVariable","inputs":{"variables":[{"name":"varEmailCount","type":"integer","value":0}]}},"varCountIncrease":{"runAfter":{"InitializeEmailCount":["Succeeded"]},"type":"InitializeVariable","inputs":{"variables":[{"name":"varCountIncrease","type":"integer","value":0}]}},"varNextCounter":{"runAfter":{"varCountIncrease":["Succeeded"]},"type":"InitializeVariable","inputs":{"variables":[{"name":"varNextCounter","type":"integer"}]}},"varCount":{"runAfter":{"CountEmailAddress":["Succeeded"]},"type":"InitializeVariable","inputs":{"variables":[{"name":"varCount","type":"integer","value":"@outputs('CountEmailAddress')"}]}},"CountEmailAddress":{"runAfter":{"CreateGUID":["Succeeded"]},"type":"Compose","inputs":"@length(split(variables('varEmailApprovers'),';'))"},"Get_file_properties":{"runAfter":{},"type":"OpenApiConnection","inputs":{"host":{"apiId":"/providers/Microsoft.PowerApps/apis/shared_sharepointonline","connectionName":"shared_sharepointonline","operationId":"GetFileItem"},"parameters":{"dataset":"https://sharepointlady.sharepoint.com/sites/2010Approvals","table":"da03125c-662e-48e7-8222-895695015ae6","id":"@triggerBody()?['entity']?['FileId']"},"authentication":{"value":"@json(decodeBase64(triggerOutputs().headers['X-MS-APIM-Tokens']))['$ConnectionKey']","type":"Raw"}}},"InitializePowerAppURL":{"runAfter":{"Get_file_properties":["Succeeded"]},"type":"InitializeVariable","inputs":{"variables":[{"name":"varAppURL","type":"string"}]},"description":"Please enter the url of your PowerApp. Look under Details of the PowerApp for the URL."}}},"connectionReferences":{"shared_sharepointonline":{"connectionName":"1219365284978f6a1469c4eb238c8b10","source":"Invoker","id":"/providers/Microsoft.PowerApps/apis/shared_sharepointonline","tier":"NotSpecified"},"shared_office365_1":{"connectionName":"shared-office365-be9b1c77-3791-49ff-925e-c331aaec8b8b","source":"Invoker","id":"/providers/Microsoft.PowerApps/apis/shared_office365","tier":"NotSpecified"}},"flowFailureAlertSubscribed":false}}