{"name":"b951ecf3-21ae-4ea8-99fe-4ec1c640f554","id":"/providers/Microsoft.Flow/flows/b951ecf3-21ae-4ea8-99fe-4ec1c640f554","type":"Microsoft.Flow/flows","properties":{"apiId":"/providers/Microsoft.PowerApps/apis/shared_logicflows","displayName":"Approval History Clean-up","definition":{"metadata":{"workflowEntityId":null,"flowclientsuspensionreason":"None","flowclientsuspensiontime":null,"creator":{"id":"ac1a4c9a-07f7-4d31-b198-9a6da5a03841","type":"User","tenantId":"ba146a51-d053-4032-9abe-e5ea99b42255"},"provisioningMethod":"FromDefinition","failureAlertSubscription":true,"clientLastModifiedTime":"2020-09-17T18:54:26.441758Z"},"$schema":"https://schema.management.azure.com/providers/Microsoft.Logic/schemas/2016-06-01/workflowdefinition.json#","contentVersion":"1.0.0.0","parameters":{"$connections":{"defaultValue":{},"type":"Object"},"$authentication":{"defaultValue":{},"type":"SecureObject"}},"triggers":{"Recurrence":{"recurrence":{"frequency":"Day","interval":1,"startTime":"2020-09-18T02:00:00.000Z"},"type":"Recurrence"}},"actions":{"CONFIG_-_Initialize_ApprovalsRegistrySiteUrl":{"runAfter":{},"type":"InitializeVariable","inputs":{"variables":[{"name":"ApprovalsRegistrySiteUrl","type":"string","value":"https://m365x774940.sharepoint.com/sites/ApprovalsRegistry"}]}},"CONFIG_-_Initialize_ApprovalsRegistryListName":{"runAfter":{"CONFIG_-_Initialize_ApprovalsRegistrySiteUrl":["Succeeded"]},"type":"InitializeVariable","inputs":{"variables":[{"name":"ApprovalsRegistryListName","type":"string","value":"Approvals Registry"}]}},"Get_Approval_registry_records":{"runAfter":{"CONFIG_-_Initialize_ExpirationAgeDays":["Succeeded"]},"type":"OpenApiConnection","inputs":{"host":{"apiId":"/providers/Microsoft.PowerApps/apis/shared_sharepointonline","connectionName":"shared_sharepointonline","operationId":"GetItems"},"parameters":{"dataset":"@variables('ApprovalsRegistrySiteUrl')","table":"@variables('ApprovalsRegistryListName')"},"authentication":"@parameters('$authentication')"}},"For_each_Approvals_site":{"foreach":"@outputs('Get_Approval_registry_records')?['body/value']","actions":{"Get_expired_approval_start_history_records":{"runAfter":{},"type":"OpenApiConnection","inputs":{"host":{"apiId":"/providers/Microsoft.PowerApps/apis/shared_sharepointonline","connectionName":"shared_sharepointonline","operationId":"GetItems"},"parameters":{"dataset":"@items('For_each_Approvals_site')?['SiteUrl']","table":"@variables('ApprovalHistoryListName')","$filter":"EventType eq 'Approval started' and EventDate le '@{formatDateTime(addDays(utcnow(), mul(-1, variables('ExpirationAgeDays'))),'yyyy-MM-ddThh:mm:ssZ')}'"},"authentication":"@parameters('$authentication')"},"description":"We are looking to retrieve all \"Approval started\" history records that are older than specified expiry period"},"For_each_expired_start_record":{"foreach":"@outputs('Get_expired_approval_start_history_records')?['body/value']","actions":{"Get_associated_history_records":{"runAfter":{},"type":"OpenApiConnection","inputs":{"host":{"apiId":"/providers/Microsoft.PowerApps/apis/shared_sharepointonline","connectionName":"shared_sharepointonline","operationId":"GetItems"},"parameters":{"dataset":"@items('For_each_Approvals_site')?['SiteUrl']","table":"@variables('ApprovalHistoryListName')","$filter":"ApprovalGUID eq '@{items('For_each_expired_start_record')?['ApprovalGUID']}'"},"authentication":"@parameters('$authentication')"},"description":"Get all history records associated with expired start record"},"Apply_to_each":{"foreach":"@outputs('Get_associated_history_records')?['body/value']","actions":{"Delete_history_record":{"runAfter":{},"type":"OpenApiConnection","inputs":{"host":{"apiId":"/providers/Microsoft.PowerApps/apis/shared_sharepointonline","connectionName":"shared_sharepointonline","operationId":"DeleteItem"},"parameters":{"dataset":"@items('For_each_Approvals_site')?['SiteUrl']","table":"@variables('ApprovalHistoryListName')","id":"@items('Apply_to_each')?['ID']"},"authentication":"@parameters('$authentication')"}}},"runAfter":{"Get_associated_history_records":["Succeeded"]},"type":"Foreach"}},"runAfter":{"Get_expired_approval_start_history_records":["Succeeded"]},"type":"Foreach"}},"runAfter":{"Get_Approval_registry_records":["Succeeded"]},"type":"Foreach"},"CONFIG_-_Initialize_ExpirationAgeDays":{"runAfter":{"CONFIG_-_Initialize_ApprovalHistoryListName":["Succeeded"]},"type":"InitializeVariable","inputs":{"variables":[{"name":"ExpirationAgeDays","type":"integer","value":60}]},"description":"Specify the number of days before approval history is considered obsolete (suggested value is 60)."},"CONFIG_-_Initialize_ApprovalHistoryListName":{"runAfter":{"CONFIG_-_Initialize_ApprovalsRegistryListName":["Succeeded"]},"type":"InitializeVariable","inputs":{"variables":[{"name":"ApprovalHistoryListName","type":"string","value":"Approval History"}]}}}},"connectionReferences":{"shared_sharepointonline":{"connectionName":"d6c2b895702e41a5a0c802206adbee30","source":"Embedded","id":"/providers/Microsoft.PowerApps/apis/shared_sharepointonline","tier":"NotSpecified"}},"flowFailureAlertSubscribed":false}}