{"name":"06ffe044-da3c-4e66-8cf3-61f48855cd23","id":"/providers/Microsoft.Flow/flows/06ffe044-da3c-4e66-8cf3-61f48855cd23","type":"Microsoft.Flow/flows","properties":{"apiId":"/providers/Microsoft.PowerApps/apis/shared_logicflows","displayName":"Approval get approval tasks for user","definition":{"metadata":{"workflowEntityId":null,"flowclientsuspensionreason":"None","flowclientsuspensiontime":null,"creator":{"id":"ac1a4c9a-07f7-4d31-b198-9a6da5a03841","type":"User","tenantId":"ba146a51-d053-4032-9abe-e5ea99b42255"},"provisioningMethod":"FromDefinition","failureAlertSubscription":true,"clientLastModifiedTime":"2021-01-29T21:11:08.4574751Z"},"$schema":"https://schema.management.azure.com/providers/Microsoft.Logic/schemas/2016-06-01/workflowdefinition.json#","contentVersion":"1.0.0.0","parameters":{"$connections":{"defaultValue":{},"type":"Object"},"$authentication":{"defaultValue":{},"type":"SecureObject"}},"triggers":{"manual":{"type":"Request","kind":"PowerApp","inputs":{"schema":{"type":"object","properties":{"InitializeSiteUrl_Value":{"type":"string","description":"Enter initial value","x-ms-powerflows-param-ispartial":false}},"required":["InitializeSiteUrl_Value"]}}}},"actions":{"Initialize_SiteUrl":{"runAfter":{"CONFIG_-_Initialize_ApprovalTasksListName":["Succeeded"]},"type":"InitializeVariable","inputs":{"variables":[{"name":"SiteUrl","type":"string","value":"@{triggerBody()['InitializeSiteUrl_Value']}"}]}},"CONFIG_-_Initialize_ApprovalTasksListName":{"runAfter":{},"type":"InitializeVariable","inputs":{"variables":[{"name":"ApprovalTasksListName","type":"string","value":"Approval Tasks"}]}},"Get_items":{"runAfter":{"Initialize_Result":["Succeeded"]},"type":"OpenApiConnection","inputs":{"host":{"apiId":"/providers/Microsoft.PowerApps/apis/shared_sharepointonline","connectionName":"shared_sharepointonline","operationId":"GetItems"},"parameters":{"dataset":"@variables('SiteUrl')","table":"@variables('ApprovalTasksListName')","$filter":"Status ne 'Completed'"},"authentication":{"value":"@json(decodeBase64(triggerOutputs().headers['X-MS-APIM-Tokens']))['$ConnectionKey']","type":"Raw"}}},"Initialize_Result":{"runAfter":{"Initialize_SiteUrl":["Succeeded"]},"type":"InitializeVariable","inputs":{"variables":[{"name":"Result","type":"string"}]}},"Respond_to_a_PowerApp_or_flow":{"runAfter":{"Check_if_Result_is_empty":["Succeeded"]},"type":"Response","kind":"PowerApp","inputs":{"statusCode":200,"body":{"text":"@variables('Result')"},"schema":{"type":"object","properties":{"text":{"title":"Text","x-ms-dynamically-added":true,"type":"string"}}}}},"Apply_to_each_2":{"foreach":"@outputs('Get_items')?['body/value']","actions":{"Append_to_string_variable":{"runAfter":{},"type":"AppendToStringVariable","inputs":{"name":"Result","value":"@{items('Apply_to_each_2')?['ID']}%%%@{items('Apply_to_each_2')?['Title']}%%%@{items('Apply_to_each_2')?['Description']}%%%@{items('Apply_to_each_2')?['ApprovalGUID']}%%%@{items('Apply_to_each_2')?['Link']}%%%@{items('Apply_to_each_2')?['ItemFileName']}%%%@{items('Apply_to_each_2')?['ItemListName']}%%%@{items('Apply_to_each_2')?['ItemID']}%%%@{items('Apply_to_each_2')?['Requestedby/Email']}%%%@{items('Apply_to_each_2')?['Assignedto/Email']}%%%@{items('Apply_to_each_2')?['ItemSiteUrl']}%%%@{items('Apply_to_each_2')?['ItemListUrl']}%%%@{items('Apply_to_each_2')?['TasksListName']}%%%@{items('Apply_to_each_2')?['HistoryListName']}%%%@{items('Apply_to_each_2')?['ApprovalRegistrySiteUrl']}%%%@{items('Apply_to_each_2')?['ApprovalRegistryListName']}%%%@{items('Apply_to_each_2')?['ApprovalInstancesListName']}%%%@{items('Apply_to_each_2')?['TaskType/Value']}&&&"}}},"runAfter":{"Get_items":["Succeeded"]},"type":"Foreach"},"Check_if_Result_is_empty":{"actions":{"Substring":{"runAfter":{},"type":"Expression","kind":"Substring","inputs":{"text":"@trim(variables('Result'))","startingPosition":0,"length":"@add(length(variables('Result')), -3)"}},"Update_result":{"runAfter":{"Substring":["Succeeded"]},"type":"SetVariable","inputs":{"name":"Result","value":"@outputs('Substring')?['body']"}}},"runAfter":{"Apply_to_each_2":["Succeeded"]},"expression":{"not":{"equals":["@variables('Result')",""]}},"type":"If"}},"outputs":{},"description":"This flow retrieves a security-trimmed list of active approval tasks on a specified site, which can be completed by the logged in user."},"connectionReferences":{"shared_sharepointonline":{"connectionName":"shared-sharepointonl-5dbb9fec-221a-4be3-b1e6-8be089b29ae2","source":"Invoker","id":"/providers/Microsoft.PowerApps/apis/shared_sharepointonline","tier":"NotSpecified"}},"flowFailureAlertSubscribed":false}}