{"name":"106a9798-b320-4bc5-bc58-5161577cdf2a","id":"/providers/Microsoft.Flow/flows/106a9798-b320-4bc5-bc58-5161577cdf2a","type":"Microsoft.Flow/flows","properties":{"apiId":"/providers/Microsoft.PowerApps/apis/shared_logicflows","displayName":"2010CollectFeedback","definition":{"metadata":{"workflowEntityId":null,"flowclientsuspensionreason":"None","flowclientsuspensiontime":null,"creator":{"id":"e000f62d-c051-4ebb-9056-89ebc7362849","type":"User","tenantId":"0a5fc066-fe53-4a00-a738-5a4eec55ceef"},"provisioningMethod":"FromDefinition","failureAlertSubscription":true,"clientLastModifiedTime":"2020-09-10T20:49:43.25363Z"},"$schema":"https://schema.management.azure.com/providers/Microsoft.Logic/schemas/2016-06-01/workflowdefinition.json#","contentVersion":"1.0.0.0","parameters":{"$connections":{"defaultValue":{},"type":"Object"},"$authentication":{"defaultValue":{},"type":"SecureObject"}},"triggers":{"manual":{"type":"Request","kind":"PowerApp","inputs":{"schema":{"type":"object","properties":{"Condition_ObjectName":{"type":"any","description":"Choose a value","x-ms-powerflows-param-ispartial":false},"Updateitem_Id":{"type":"integer","format":"int64","description":"Unique identifier of item to be updated","x-ms-powerflows-param-ispartial":false},"Updateitem_Title":{"type":"string","x-ms-powerflows-param-ispartial":false},"Updateitem_Comments":{"type":"string"},"Initializevariable_Value":{"type":"string","description":"Enter initial value","x-ms-powerflows-param-ispartial":false},"Initializevariable2_Value":{"type":"string","description":"Enter initial value","x-ms-powerflows-param-ispartial":false},"InitializevarApprover_Value":{"type":"any"}},"required":["Condition_ObjectName","Updateitem_Id","Updateitem_Title","Updateitem_Comments","Initializevariable_Value","Initializevariable2_Value","InitializevarApprover_Value"]}}}},"actions":{"UpdateWorkflowHistoryList":{"foreach":"@outputs('GetWorkFlowHistoryItem')?['body/value']","actions":{"UpdateWorkFlowHistory":{"runAfter":{},"type":"OpenApiConnection","inputs":{"host":{"apiId":"/providers/Microsoft.PowerApps/apis/shared_sharepointonline","connectionName":"shared_sharepointonline","operationId":"PatchItem"},"parameters":{"dataset":"https://sharepointlady.sharepoint.com/sites/2010Approvals","table":"d6192543-25ee-47af-81ec-fb3d2b6feab4","id":"@items('UpdateWorkflowHistoryList')?['ID']","item/Title":"@items('UpdateWorkflowHistoryList')?['Title']","item/ApproversResponses":"@{items('UpdateWorkflowHistoryList')?['ApproversResponses']}, \nApprover: @{variables('varApprover')} Approver Response: @{variables('varResponse')}  Approver Comment: @{variables('varComment')}","item/ApproverCount":"@variables('varCount')"},"authentication":{"value":"@json(decodeBase64(triggerOutputs().headers['X-MS-APIM-Tokens']))['$ConnectionKey']","type":"Raw"}}}},"runAfter":{"SetCountVariable":["Succeeded"]},"type":"Foreach"},"SetCountVariable":{"foreach":"@outputs('GetWorkFlowHistoryItem')?['body/value']","actions":{"Set_variable":{"runAfter":{},"type":"SetVariable","inputs":{"name":"varCount","value":"@add(items('SetCountVariable')?['ApproverCount'],-1)"}}},"runAfter":{"GetWorkFlowHistoryItem":["Succeeded"]},"type":"Foreach"},"CheckApproverCount":{"actions":{"UpdateWorkFlowHistoryComplete":{"foreach":"@outputs('GetWorkFlowHistoryItem')?['body/value']","actions":{"UpdateWorkFlowHistorytoComplete":{"runAfter":{},"type":"OpenApiConnection","inputs":{"host":{"apiId":"/providers/Microsoft.PowerApps/apis/shared_sharepointonline","connectionName":"shared_sharepointonline","operationId":"PatchItem"},"parameters":{"dataset":"https://sharepointlady.sharepoint.com/sites/2010Approvals","table":"d6192543-25ee-47af-81ec-fb3d2b6feab4","id":"@items('UpdateWorkFlowHistoryComplete')?['ID']","item/Title":"@items('UpdateWorkFlowHistoryComplete')?['Title']","item/Status":"Workflow Complete"},"authentication":{"value":"@json(decodeBase64(triggerOutputs().headers['X-MS-APIM-Tokens']))['$ConnectionKey']","type":"Raw"}}}},"runAfter":{},"type":"Foreach"}},"runAfter":{"UpdateWorkflowHistoryList":["Succeeded"]},"expression":{"equals":["@variables('varCount')",0]},"type":"If"},"varGuid":{"runAfter":{"varListName":["Succeeded"]},"type":"InitializeVariable","inputs":{"variables":[{"name":"varGuid","type":"string","value":"@{triggerBody()['Initializevariable_Value']}"}]}},"varCount":{"runAfter":{"varApprover":["Succeeded"]},"type":"InitializeVariable","inputs":{"variables":[{"name":"varCount","type":"float"}]}},"varWorkFlowType":{"runAfter":{"varGuid":["Succeeded"]},"type":"InitializeVariable","inputs":{"variables":[{"name":"varWorkflowType","type":"string","value":"@{triggerBody()['Initializevariable2_Value']}"}]}},"varResponse":{"runAfter":{"varCount":["Succeeded"]},"type":"InitializeVariable","inputs":{"variables":[{"name":"varResponse","type":"string","value":"@{triggerBody()['Condition_ObjectName']}"}]}},"varApprover":{"runAfter":{"varWorkFlowType":["Succeeded"]},"type":"InitializeVariable","inputs":{"variables":[{"name":"varApprover","type":"string","value":"@{triggerBody()['InitializevarApprover_Value']}"}]}},"varComment":{"runAfter":{"varResponse":["Succeeded"]},"type":"InitializeVariable","inputs":{"variables":[{"name":"varComment","type":"string","value":"@triggerBody()['Updateitem_Comments']"}]}},"GetWorkFlowHistoryItem":{"runAfter":{"UpdateItemApprovedParallel":["Succeeded"]},"type":"OpenApiConnection","inputs":{"host":{"apiId":"/providers/Microsoft.PowerApps/apis/shared_sharepointonline","connectionName":"shared_sharepointonline","operationId":"GetItems"},"parameters":{"dataset":"@variables('varSiteCollectionURL')","table":"@variables('varListName')","$filter":"WKGUID eq '@{variables('varGuid')}'"},"authentication":{"value":"@json(decodeBase64(triggerOutputs().headers['X-MS-APIM-Tokens']))['$ConnectionKey']","type":"Raw"}}},"varSiteCollectionURL":{"runAfter":{},"type":"InitializeVariable","inputs":{"variables":[{"name":"varSiteCollectionURL","type":"string","value":"https://sharepointlady.sharepoint.com/sites/2010Approvals"}]},"description":"For the Values below please put the url of the site collection where you deployed the WorkFlowHistoryList."},"varListName":{"runAfter":{"Initialize_variable":["Succeeded"]},"type":"InitializeVariable","inputs":{"variables":[{"name":"varListName","type":"string","value":"MasterApproval"}]},"description":"For the Value please put the name of the list i.e. WorkflowTaskList."},"Initialize_variable":{"runAfter":{"varSiteCollectionURL":["Succeeded"]},"type":"InitializeVariable","inputs":{"variables":[{"name":"varTaskList","type":"string","value":"WorkflowTaskList"}]}},"UpdateItemApprovedParallel":{"runAfter":{"varComment":["Succeeded"]},"type":"OpenApiConnection","inputs":{"host":{"apiId":"/providers/Microsoft.PowerApps/apis/shared_sharepointonline","connectionName":"shared_sharepointonline","operationId":"PatchItem"},"parameters":{"dataset":"https://sharepointlady.sharepoint.com/sites/2010Approvals","table":"7aefc0d6-8a06-4353-8f1b-e24c84c0e359","id":"@triggerBody()['Updateitem_Id']","item/Title":"@triggerBody()['Updateitem_Title']","item/ApprovalStatus":"Approved","item/Comments":"@variables('varComment')"},"authentication":{"value":"@json(decodeBase64(triggerOutputs().headers['X-MS-APIM-Tokens']))['$ConnectionKey']","type":"Raw"}}}}},"connectionReferences":{"shared_sharepointonline":{"connectionName":"1219365284978f6a1469c4eb238c8b10","source":"Invoker","id":"/providers/Microsoft.PowerApps/apis/shared_sharepointonline","tier":"NotSpecified"}},"flowFailureAlertSubscribed":false}}