{"name":"b09aac94-58aa-4bb1-b1da-6c92a2ef42aa","id":"/providers/Microsoft.Flow/flows/b09aac94-58aa-4bb1-b1da-6c92a2ef42aa","type":"Microsoft.Flow/flows","properties":{"apiId":"/providers/Microsoft.PowerApps/apis/shared_logicflows","displayName":"Approval get active approvals for user","definition":{"metadata":{"workflowEntityId":null,"flowclientsuspensionreason":"None","flowclientsuspensiontime":null,"creator":{"id":"ac1a4c9a-07f7-4d31-b198-9a6da5a03841","type":"User","tenantId":"ba146a51-d053-4032-9abe-e5ea99b42255"},"provisioningMethod":"FromDefinition","failureAlertSubscription":true,"clientLastModifiedTime":"2021-01-29T21:10:16.8836447Z"},"$schema":"https://schema.management.azure.com/providers/Microsoft.Logic/schemas/2016-06-01/workflowdefinition.json#","contentVersion":"1.0.0.0","parameters":{"$connections":{"defaultValue":{},"type":"Object"},"$authentication":{"defaultValue":{},"type":"SecureObject"}},"triggers":{"manual":{"type":"Request","kind":"PowerApp","inputs":{"schema":{"type":"object","properties":{"InitializeUserEmail_Value":{"type":"string","description":"Enter initial value","x-ms-powerflows-param-ispartial":false},"InitializeIgnoreApprovalGUID_Value":{"type":"string","description":"Enter initial value","x-ms-powerflows-param-ispartial":false}},"required":["InitializeUserEmail_Value","InitializeIgnoreApprovalGUID_Value"]}}}},"actions":{"Get_site_registry_records_where_user_is_admin":{"runAfter":{"Initialize_AdminSites":["Succeeded"]},"type":"OpenApiConnection","inputs":{"host":{"apiId":"/providers/Microsoft.PowerApps/apis/shared_sharepointonline","connectionName":"shared_sharepointonline","operationId":"GetItems"},"parameters":{"dataset":"@variables('ApprovalsRegistrySiteUrl')","table":"@variables('ApprovalsRegistryListName')","$filter":"Administrators/EMail eq '@{variables('UserEmail')}'"},"authentication":{"value":"@json(decodeBase64(triggerOutputs().headers['X-MS-APIM-Tokens']))['$ConnectionKey']","type":"Raw"}},"description":"Going through all Approval sites to determine if there are any active approvals that current user is allowed to stop","runtimeConfiguration":{"paginationPolicy":{"minimumItemCount":100}}},"Initialize_UserEmail":{"runAfter":{"CONFIG_-_Initialize_ApprovalHistoryListName":["Succeeded"]},"type":"InitializeVariable","inputs":{"variables":[{"name":"UserEmail","type":"string","value":"@{triggerBody()['InitializeUserEmail_Value']}"}]}},"CONFIG_-_Initialize_ApprovalsRegistrySiteUrl":{"runAfter":{},"type":"InitializeVariable","inputs":{"variables":[{"name":"ApprovalsRegistrySiteUrl","type":"string","value":"https://m365x774940.sharepoint.com/sites/ApprovalsRegistry"}]}},"CONFIG_-_Initialize_ApprovalsRegistryListName":{"runAfter":{"CONFIG_-_Initialize_ApprovalsRegistrySiteUrl":["Succeeded"]},"type":"InitializeVariable","inputs":{"variables":[{"name":"ApprovalsRegistryListName","type":"string","value":"Approvals Registry"}]}},"Initialize_ActiveApprovals":{"runAfter":{"Initialize_IgnoreApprovalGUID":["Succeeded"]},"type":"InitializeVariable","inputs":{"variables":[{"name":"ActiveApprovals","type":"string"}]}},"Initialize_retrieveInstance":{"runAfter":{"Initialize_ActiveApprovals":["Succeeded"]},"type":"InitializeVariable","inputs":{"variables":[{"name":"retrieveInstance","type":"boolean","value":"@false"}]}},"CONFIG_-_Initialize_ApprovalHistoryListName":{"runAfter":{"CONFIG_-_Initialize_ApprovalInstancesListName":["Succeeded"]},"type":"InitializeVariable","inputs":{"variables":[{"name":"ApprovalHistoryListName","type":"string","value":"Approval History"}]}},"Check_if_ActiveApprovals_is_empty":{"actions":{"Substring":{"runAfter":{},"type":"Expression","kind":"Substring","inputs":{"text":"@trim(variables('ActiveApprovals'))","startingPosition":0,"length":"@add(length(variables('ActiveApprovals')), -3)"}},"Update_ActiveApprovals":{"runAfter":{"Substring":["Succeeded"]},"type":"SetVariable","inputs":{"name":"ActiveApprovals","value":"@outputs('Substring')?['body']"}}},"runAfter":{"For_each_running_instance":["Succeeded"]},"expression":{"not":{"equals":["@variables('ActiveApprovals')",""]}},"type":"If"},"Respond_to_a_PowerApp_or_flow":{"runAfter":{"Check_if_ActiveApprovals_is_empty":["Succeeded"]},"type":"Response","kind":"PowerApp","inputs":{"statusCode":200,"body":{"text":"@variables('ActiveApprovals')"},"schema":{"type":"object","properties":{"text":{"title":"Text","x-ms-dynamically-added":true,"type":"string"}}}}},"CONFIG_-_Initialize_ApprovalInstancesListName":{"runAfter":{"CONFIG_-_Initialize_ApprovalsRegistryListName":["Succeeded"]},"type":"InitializeVariable","inputs":{"variables":[{"name":"ApprovalInstancesListName","type":"string","value":"Approval instances"}]}},"For_each_running_instance":{"foreach":"@outputs('Get_all_runnning_instances')?['body/value']","actions":{"Set_retrieveInstance_false":{"runAfter":{},"type":"SetVariable","inputs":{"name":"retrieveInstance","value":"@false"}},"Check_retrieve_verdict":{"actions":{"Get_approval_started_record":{"runAfter":{},"type":"OpenApiConnection","inputs":{"host":{"apiId":"/providers/Microsoft.PowerApps/apis/shared_sharepointonline","connectionName":"shared_sharepointonline","operationId":"GetItems"},"parameters":{"dataset":"@items('For_each_running_instance')?['SiteUrl']","table":"@variables('ApprovalHistoryListName')","$filter":"ApprovalGUID eq '@{items('For_each_running_instance')?['ApprovalGUID']}' and EventType eq 'Approval started'"},"authentication":{"value":"@json(decodeBase64(triggerOutputs().headers['X-MS-APIM-Tokens']))['$ConnectionKey']","type":"Raw"}},"description":"This step should always return an array with 1 element"},"Apply_to_each":{"foreach":"@outputs('Get_approval_started_record')?['body/value']","actions":{"Append_to_string_variable":{"runAfter":{},"type":"AppendToStringVariable","inputs":{"name":"ActiveApprovals","value":"@{items('For_each_running_instance')?['SiteUrl']}%%%@{items('Apply_to_each')?['Title']}%%%@{items('Apply_to_each')?['ItemURL']}%%%@{items('Apply_to_each')?['ApprovalGUID']}%%%@{items('Apply_to_each')?['User/Email']}%%%@{items('Apply_to_each')?['EventDate']}%%%@{items('Apply_to_each')?['Description']}&&&"}}},"runAfter":{"Get_approval_started_record":["Succeeded"]},"type":"Foreach"}},"runAfter":{"Series_of_checks_to_determine_if_instance_needs_to_be_retrieved":["Succeeded"]},"expression":{"equals":["@variables('retrieveInstance')","@true"]},"type":"If"},"Series_of_checks_to_determine_if_instance_needs_to_be_retrieved":{"actions":{"Check_if_user_started_approval":{"actions":{"Set_retrieveInstance_true":{"runAfter":{},"type":"SetVariable","inputs":{"name":"retrieveInstance","value":"@true"}}},"runAfter":{},"else":{"actions":{"Check_if_user_is_admin_on_the_site":{"actions":{"Set_retrieveInstance_true_-_admin":{"runAfter":{},"type":"SetVariable","inputs":{"name":"retrieveInstance","value":"@true"}}},"runAfter":{},"expression":{"contains":["@variables('AdminSites')","@items('For_each_running_instance')?['SiteUrl']"]},"type":"If"}}},"expression":{"equals":["@toLower(items('For_each_running_instance')?['User/Email'])","@toLower(variables('UserEmail'))"]},"type":"If"}},"runAfter":{"Set_retrieveInstance_false":["Succeeded"]},"expression":{"not":{"contains":["@variables('IgnoreApprovalGUID')","@items('For_each_running_instance')?['ApprovalGUID']"]}},"type":"If"}},"runAfter":{"Get_all_runnning_instances":["Succeeded"]},"type":"Foreach"},"Initialize_AdminSites":{"runAfter":{"Initialize_retrieveInstance":["Succeeded"]},"type":"InitializeVariable","inputs":{"variables":[{"name":"AdminSites","type":"array"}]}},"For_each_admin_record":{"foreach":"@outputs('Get_site_registry_records_where_user_is_admin')?['body/value']","actions":{"Append_to_array_variable":{"runAfter":{},"type":"AppendToArrayVariable","inputs":{"name":"AdminSites","value":"@items('For_each_admin_record')?['SiteUrl']"}}},"runAfter":{"Get_site_registry_records_where_user_is_admin":["Succeeded"]},"type":"Foreach"},"Get_all_runnning_instances":{"runAfter":{"For_each_admin_record":["Succeeded"]},"type":"OpenApiConnection","inputs":{"host":{"apiId":"/providers/Microsoft.PowerApps/apis/shared_sharepointonline","connectionName":"shared_sharepointonline","operationId":"GetItems"},"parameters":{"dataset":"@variables('ApprovalsRegistrySiteUrl')","table":"@variables('ApprovalInstancesListName')","$filter":"Status eq 'Active'"},"authentication":{"value":"@json(decodeBase64(triggerOutputs().headers['X-MS-APIM-Tokens']))['$ConnectionKey']","type":"Raw"}}},"Initialize_IgnoreApprovalGUID":{"runAfter":{"Initialize_UserEmail":["Succeeded"]},"type":"InitializeVariable","inputs":{"variables":[{"name":"IgnoreApprovalGUID","type":"string","value":"@{triggerBody()['InitializeIgnoreApprovalGUID_Value']}"}]}}},"description":"This flow retrieves a security-trimmed list of active approval instances which can be managed by the logged in user."},"connectionReferences":{"shared_sharepointonline":{"connectionName":"d6c2b895702e41a5a0c802206adbee30","source":"Invoker","id":"/providers/Microsoft.PowerApps/apis/shared_sharepointonline","tier":"NotSpecified"}},"flowFailureAlertSubscribed":false}}