{"schemaVersion":"1.0","appDefinitionTemplate":{"id":"/providers/Microsoft.PowerApps/apps/","type":"Microsoft.PowerApps/apps","tags":{"primaryDeviceWidth":"640","primaryDeviceHeight":"1136","sienaVersion":"20210309T171856Z-3.21024.25.0","deviceCapabilities":"","supportsPortrait":"true","supportsLandscape":"false","primaryFormFactor":"Phone","publisherVersion":"3.21024.25","minimumRequiredApiVersion":"2.2.0","hasComponent":"false","hasUnlockedComponent":"false","isUnifiedRootApp":"false"},"properties":{"appVersion":"2021-03-09T17:18:56Z","lifeCycleId":"Published","createdByClientVersion":{"major":3,"minor":21024,"build":25,"revision":0,"majorRevision":0,"minorRevision":0},"minClientVersion":{"major":3,"minor":21024,"build":25,"revision":0,"majorRevision":0,"minorRevision":0},"backgroundColor":"rgba(37, 62, 143, 1)","backgroundImageUri":"/296806547599423163/N765f92bf-19a2-4352-927e-ac3aad7ce128-logoSmallFile","displayName":"Approvals","description":"","commitMessage":"","appUris":{"documentUri":{"value":"/296806547599423163/N4009e64b-e683-4976-b3b7-695183d1e390-document.msapp"},"imageUris":[]},"createdTime":"0001-01-01T00:00:00Z","lastModifiedTime":"0001-01-01T00:00:00Z","sharedGroupsCount":0,"sharedUsersCount":0,"icons":{"smallIconUri":"/296806547599423163/N3fd74c4d-009d-4542-83fe-bba2a5ca66d3-small.png","mediumIconUri":"/296806547599423163/Na6af30e5-1572-4e9d-88b7-290d40f248c9-medium.png","largeIconUri":"/296806547599423163/Nff6b5107-cba5-4981-9715-ba49ad2b71d9-large.png","wideIconUri":"/296806547599423163/Ned19df8f-6a45-4712-acde-707490175278-wide.png"},"connectionReferences":{"3aa56762-48de-4953-b81a-fb0ee3b3e4a4":{"id":"3e86aa66-319e-4877-b575-7091bd365c79","displayName":"SharePoint","iconUri":"https://connectoricons-prod.azureedge.net/releases/v1.0.1441/1.0.1441.2334/sharepointonline/icon.png","dataSources":["Approval Tasks"],"dependencies":[],"dependents":["feae8013-afa4-47b4-8238-080c43804f90","f812db8b-dd9b-41c9-8239-eb9d62b08c9b","8a0341b5-9dda-477c-946d-4dfc16e2e874","af27b85a-7949-4f1d-8099-f63e7effa3d2"],"parameterHints":{},"isOnPremiseConnection":false,"bypassConsent":false,"dataSets":{"https://m365x774940.sharepoint.com/sites/OPGApprovalTest2":{"dataSources":{"Approval Tasks":{"tableName":"18bcdc11-5f1d-4b9f-a591-fbb892c871de"}}}},"apiTier":"Standard","isCustomApiConnection":false},"b5cb3fa8-21bc-4328-b29e-06b725c073c0":{"id":"ad917a91-fbae-431d-9fe6-9bfe5b729a08","displayName":"Office 365 Users","iconUri":"https://connectoricons-prod.azureedge.net/releases/v1.0.1430/1.0.1430.2296/office365users/icon.png","dataSources":["Office365Users"],"dependencies":[],"dependents":["af27b85a-7949-4f1d-8099-f63e7effa3d2"],"parameterHints":{},"isOnPremiseConnection":false,"bypassConsent":false,"dataSets":{},"apiTier":"Standard","isCustomApiConnection":false,"actions":["SearchUser"]},"feae8013-afa4-47b4-8238-080c43804f90":{"id":"05d1d838-88bf-4336-860d-f97add0b863c","displayName":"Logic flows","iconUri":"https://connectoricons-prod.azureedge.net/releases/v1.0.1438/1.0.1438.2324/logicflows/icon.png","dataSources":["PowerAppsbutton"],"dependencies":["3aa56762-48de-4953-b81a-fb0ee3b3e4a4"],"dependents":[],"parameterHints":{"workflowName":{"value":"56aff431-71fb-4c56-9602-648b696f8cf4"},"3aa56762-48de-4953-b81a-fb0ee3b3e4a4":{"value":"shared_sharepointonline"}},"isOnPremiseConnection":false,"bypassConsent":false,"dataSets":{},"apiTier":"Standard","isCustomApiConnection":false,"actions":["Run"]},"f812db8b-dd9b-41c9-8239-eb9d62b08c9b":{"id":"05d1d838-88bf-4336-860d-f97add0b863c","displayName":"Logic flows","iconUri":"https://connectoricons-prod.azureedge.net/releases/v1.0.1438/1.0.1438.2324/logicflows/icon.png","dataSources":["Approval:getapprovaltasksforuser"],"dependencies":["3aa56762-48de-4953-b81a-fb0ee3b3e4a4"],"dependents":[],"parameterHints":{"workflowName":{"value":"524566bd-29e6-415c-9db2-c6f396e1bcad"},"3aa56762-48de-4953-b81a-fb0ee3b3e4a4":{"value":"shared_sharepointonline"}},"isOnPremiseConnection":false,"bypassConsent":false,"dataSets":{},"apiTier":"Standard","isCustomApiConnection":false,"actions":["Run"]},"8a0341b5-9dda-477c-946d-4dfc16e2e874":{"id":"05d1d838-88bf-4336-860d-f97add0b863c","displayName":"Logic flows","iconUri":"https://connectoricons-prod.azureedge.net/releases/v1.0.1438/1.0.1438.2324/logicflows/icon.png","dataSources":["Approvalgetapprovaltaskbyid"],"dependencies":["3aa56762-48de-4953-b81a-fb0ee3b3e4a4"],"dependents":[],"parameterHints":{"workflowName":{"value":"682a042d-1378-4d81-9903-0e2deede42f2"},"3aa56762-48de-4953-b81a-fb0ee3b3e4a4":{"value":"shared_sharepointonline"}},"isOnPremiseConnection":false,"bypassConsent":false,"dataSets":{},"apiTier":"Standard","isCustomApiConnection":false,"actions":["Run"]},"af27b85a-7949-4f1d-8099-f63e7effa3d2":{"id":"05d1d838-88bf-4336-860d-f97add0b863c","displayName":"Logic flows","iconUri":"https://connectoricons-prod.azureedge.net/releases/v1.0.1438/1.0.1438.2324/logicflows/icon.png","dataSources":["Processapproverresponse"],"dependencies":["3aa56762-48de-4953-b81a-fb0ee3b3e4a4","593a11ec-6074-4294-b4d5-a931a5962772","b5cb3fa8-21bc-4328-b29e-06b725c073c0","393305e2-2209-4802-9305-6ca9d773906d"],"dependents":[],"parameterHints":{"workflowName":{"value":"f23a6c8b-12b3-43e9-8c17-d64ae368aaa6"},"3aa56762-48de-4953-b81a-fb0ee3b3e4a4":{"value":"shared_sharepointonline"},"593a11ec-6074-4294-b4d5-a931a5962772":{"value":"shared_sendmail"},"b5cb3fa8-21bc-4328-b29e-06b725c073c0":{"value":"shared_office365users"},"393305e2-2209-4802-9305-6ca9d773906d":{"value":"shared_sharepointonline_1"}},"isOnPremiseConnection":false,"bypassConsent":false,"dataSets":{},"apiTier":"Standard","isCustomApiConnection":false,"actions":["Run"]},"593a11ec-6074-4294-b4d5-a931a5962772":{"id":"091303ed-f58e-498d-a900-bf1201ce3f05","displayName":"Mail","iconUri":"https://connectoricons-prod.azureedge.net/releases/v1.0.1443/1.0.1443.2341/sendmail/icon.png","dataSources":[],"dependencies":[],"dependents":["af27b85a-7949-4f1d-8099-f63e7effa3d2"],"parameterHints":{},"isOnPremiseConnection":false,"bypassConsent":false,"dataSets":{},"apiTier":"Standard","isCustomApiConnection":false},"393305e2-2209-4802-9305-6ca9d773906d":{"id":"3e86aa66-319e-4877-b575-7091bd365c79","displayName":"SharePoint","iconUri":"https://connectoricons-prod.azureedge.net/releases/v1.0.1441/1.0.1441.2334/sharepointonline/icon.png","dataSources":[],"dependencies":[],"dependents":["af27b85a-7949-4f1d-8099-f63e7effa3d2","a4f1aac0-c739-4615-8b81-69ffdbfcc55d","0e4bf0e8-ff4c-4191-bd09-61ac6866aaa7"],"parameterHints":{},"isOnPremiseConnection":false,"bypassConsent":false,"dataSets":{},"apiTier":"Standard","isCustomApiConnection":false},"a4f1aac0-c739-4615-8b81-69ffdbfcc55d":{"id":"05d1d838-88bf-4336-860d-f97add0b863c","displayName":"Logic flows","iconUri":"https://connectoricons-prod.azureedge.net/releases/v1.0.1438/1.0.1438.2324/logicflows/icon.png","dataSources":["Approvalgetactiveapprovalsforuser"],"dependencies":["393305e2-2209-4802-9305-6ca9d773906d"],"dependents":[],"parameterHints":{"workflowName":{"value":"ef74e3e5-9826-4766-90eb-84f062b66135"},"393305e2-2209-4802-9305-6ca9d773906d":{"value":"shared_sharepointonline"}},"isOnPremiseConnection":false,"bypassConsent":false,"dataSets":{},"apiTier":"Standard","isCustomApiConnection":false,"actions":["Run"]},"0e4bf0e8-ff4c-4191-bd09-61ac6866aaa7":{"id":"05d1d838-88bf-4336-860d-f97add0b863c","displayName":"Logic flows","iconUri":"https://connectoricons-prod.azureedge.net/releases/v1.0.1438/1.0.1438.2324/logicflows/icon.png","dataSources":["Approvalcancelapproval"],"dependencies":["393305e2-2209-4802-9305-6ca9d773906d"],"dependents":[],"parameterHints":{"workflowName":{"value":"5ec0b3d7-80eb-4f98-91b8-fbf71b13de36"},"393305e2-2209-4802-9305-6ca9d773906d":{"value":"shared_sharepointonline"}},"isOnPremiseConnection":false,"bypassConsent":false,"dataSets":{},"apiTier":"Standard","isCustomApiConnection":false,"actions":["Run"]}},"databaseReferences":{},"almMode":"Environment","performanceOptimizationEnabled":true,"canConsumeAppPass":true,"executionRestrictions":{"isTeamsOnly":false,"dataLossPreventionEvaluationResult":{"status":"Compliant","lastEvaluationDate":"2020-10-30T06:28:06.7283271Z","violationDetails":[]}}},"isAppComponentLibrary":false,"appType":"ClassicCanvasApp","appComponents":[]}}